INSERT INTO `Act_Elem` (`oid_index`, `fkName`, `value`, `fkAction`) VALUES (0,2,'+',0);
INSERT INTO `Act_Elem` (`oid_index`, `fkName`, `value`, `fkAction`) VALUES (1,4,'International (1)',0);
INSERT INTO `Act_Elem` (`oid_index`, `fkName`, `value`, `fkAction`) VALUES (2,3,'1',1);
INSERT INTO `Act_Elem` (`oid_index`, `fkName`, `value`, `fkAction`) VALUES (3,4,'International (1)',1);
INSERT INTO `Act_Elem` (`oid_index`, `fkName`, `value`, `fkAction`) VALUES (4,2,'+',2);
INSERT INTO `Act_Elem` (`oid_index`, `fkName`, `value`, `fkAction`) VALUES (5,4,'International (1)',2);
INSERT INTO `Act_Elem` (`oid_index`, `fkName`, `value`, `fkAction`) VALUES (6,3,'1',3);
INSERT INTO `Act_Elem` (`oid_index`, `fkName`, `value`, `fkAction`) VALUES (7,4,'International (1)',3);
INSERT INTO `Action` (`oid_index`, `fkName`, `value`, `fkRuleSet`) VALUES (0,0,'',0);
INSERT INTO `Action` (`oid_index`, `fkName`, `value`, `fkRuleSet`) VALUES (1,0,'',1);
INSERT INTO `Action` (`oid_index`, `fkName`, `value`, `fkRuleSet`) VALUES (2,1,'',0);
INSERT INTO `Action` (`oid_index`, `fkName`, `value`, `fkRuleSet`) VALUES (3,1,'',1);
INSERT INTO `Action` (`oid_index`, `fkName`, `value`, `fkRuleSet`) VALUES (4,5,'CONTINUE',0);
INSERT INTO `Action` (`oid_index`, `fkName`, `value`, `fkRuleSet`) VALUES (5,5,'CONTINUE',1);
INSERT INTO `Action` (`oid_index`, `fkName`, `value`, `fkRuleSet`) VALUES (6,5,'CONTINUE',0);
INSERT INTO `Action` (`oid_index`, `fkName`, `value`, `fkRuleSet`) VALUES (7,5,'CONTINUE',1);
INSERT INTO `AtcfSettings` (`oid_index`, `versionID`, `timeStamp`, `STNSR`, `mgmtUriPostfix`, `authTimer`, `copyOrigContact`, `checkUntrusted`, `keyForMtCall`, `atcfUserAgent`, `atcfRoutePolicy`, `defaultAction`, `fwdForkingResponse`, `changeSDPForSWO`, `incomingSwitch`, `allowAnalyzeNotifyBodyFlag`, `inMediaPathOfMultiMedia`, `inMediaPathOfMsrp`, `allowChangeCallIdInReReg`, `addDoubleQuotesInFeatureCaps`, `forceRelayUEViaHeader`, `changeContactInSubsequentReq`) VALUES (0,0,'2016-02-14 16:42:25','tel:+12378889999','atcf115.sha-st.mavenir.com',64000,'FALSE','FALSE','mtcall','ATCF_115','ATCF_ROUTE_SCCAS','REJECT_SM','TRUE','FALSE','TRUE','FALSE','TRUE','FALSE','TRUE','TRUE','FALSE','TRUE');
INSERT INTO `AuditComponent` (`oid_index`, `exchId`, `exchIdDepend`, `category`, `subCategory`) VALUES (0,96,4294967295,'AUDIT_CATEGORY_INTERNAL','AUDIT_SUB_CATEGORY_INVALID');
INSERT INTO `AuditComponent` (`oid_index`, `exchId`, `exchIdDepend`, `category`, `subCategory`) VALUES (1,74,96,'AUDIT_CATEGORY_INTERNAL','AUDIT_SUB_CATEGORY_INVALID');
INSERT INTO `AuditProfile` (`oid_index`, `versionID`, `timeStamp`, `profileName`, `batchCount`, `batchInterval`, `queryInterval`, `startReqTimeout`, `startReqRetries`, `stopReqTimeout`, `stopReqRetries`, `pauseReqTimeout`, `pauseReqRetries`, `continueTimeout`, `continueRetries`, `libRetryInterval`) VALUES (0,0,'2015-03-16 07:53:12','',20,200,2000,2000,3,2000,3,2000,3,2000,3,1000);
INSERT INTO `AuditResult` (`oid_index`, `lastAuditTime`, `componentCompleted`, `blocksAudited`, `blocksOutstanding`, `blocksInconsistent`, `callsDisconnected`, `inconsistentTerminations`, `auditStatus`) VALUES (0,'XX:XX',0,0,0,0,0,0,'COMPLETED');
INSERT INTO `DSCPMarking` (`oid_index`, `protocol`, `relay`, `dscpValue`, `fkrealm`, `versionID`, `timeStamp`) VALUES (0,'SIP','FALSE',0,NULL,0,'2016-02-14 14:50:22');
INSERT INTO `DSCPMarking` (`oid_index`, `protocol`, `relay`, `dscpValue`, `fkrealm`, `versionID`, `timeStamp`) VALUES (1,'DNS','FALSE',1,1,0,'2016-02-14 16:39:25');
INSERT INTO `DSCPMarking` (`oid_index`, `protocol`, `relay`, `dscpValue`, `fkrealm`, `versionID`, `timeStamp`) VALUES (2,'RTP','FALSE',8,1,0,'2016-02-14 16:39:26');
INSERT INTO `DSCPMarking` (`oid_index`, `protocol`, `relay`, `dscpValue`, `fkrealm`, `versionID`, `timeStamp`) VALUES (3,'MSRP','FALSE',3,1,0,'2016-02-14 16:39:27');
INSERT INTO `DnsExtIp` (`oid_index`, `app_type`, `fkext_ip`, `netIntfType`, `fkrealm`) VALUES (0,'DNS_APP_TYPE_DIAM',6,'NET_INTERFACE_ANY',2);
INSERT INTO `DnsExtIp` (`oid_index`, `app_type`, `fkext_ip`, `netIntfType`, `fkrealm`) VALUES (1,'DNS_APP_TYPE_PCSCF',6,'NET_INTERFACE_ANY',1);
INSERT INTO `DnsExtIp` (`oid_index`, `app_type`, `fkext_ip`, `netIntfType`, `fkrealm`) VALUES (2,'DNS_APP_TYPE_PCSCF',6,'NET_INTERFACE_ANY',2);
INSERT INTO `DnsExtIp` (`oid_index`, `app_type`, `fkext_ip`, `netIntfType`, `fkrealm`) VALUES (3,'DNS_APP_TYPE_ATCF',6,'NET_INTERFACE_ANY',4);
INSERT INTO `DnsExtIp` (`oid_index`, `app_type`, `fkext_ip`, `netIntfType`, `fkrealm`) VALUES (6,'DNS_APP_TYPE_PCSCF',6,'NET_INTERFACE_ANY',6);
INSERT INTO `DnsExtIp` (`oid_index`, `app_type`, `fkext_ip`, `netIntfType`, `fkrealm`) VALUES (8,'DNS_APP_TYPE_ECSCF',6,'NET_INTERFACE_ANY',2);
INSERT INTO `DnsMgrConfig` (`oid_index`, `versionID`, `timeStamp`, `dnsCache`, `TTL`, `isENUMDeployed`, `localDomain`, `enumDomain`, `enumTypeValue`, `blacklistSeconds`, `addrPriority`, `pollSrv`, `pollTimePeriod`) VALUES (0,0,'2016-02-14 15:02:55',128,3000,'DNS_YES','mavenir.com','e164.arpa',35,3600,'DNS_ADDRESS_PRIORITY_IPV4','DNS_POLL_SRV_DISABLE',0);
INSERT INTO `DnsSrcPort` (`oid_index`, `fkprot_grp`, `fkext_ip`, `port`) VALUES (0,1,6,6000);
INSERT INTO `DnsSrcPort` (`oid_index`, `fkprot_grp`, `fkext_ip`, `port`) VALUES (1,1,0,2610);
INSERT INTO `FMResource` (`oid_index`, `portStatus`, `versionInfo`) VALUES (0,11,11);
INSERT INTO `InternalIPAddressPool` (`oid_index`, `name`, `startAddress`, `netmaskSize`) VALUES (0,'test1','172.16.140.10',18);
INSERT INTO `InternalIPAddressPool` (`oid_index`, `name`, `startAddress`, `netmaskSize`) VALUES (1,'test2','172.16.141.10',18);
INSERT INTO `InternalIPAddressPool` (`oid_index`, `name`, `startAddress`, `netmaskSize`) VALUES (2,'test3','fdc0:dcba:6091:441::17',64);
INSERT INTO `InternalIPAddressPool` (`oid_index`, `name`, `startAddress`, `netmaskSize`) VALUES (3,'test4','fdc0:dcba:6091:441::18',64);
INSERT INTO `InternalIPAddressPool` (`oid_index`, `name`, `startAddress`, `netmaskSize`) VALUES (4,'test5','172.16.142.10',18);
INSERT INTO `InternalIPAddressPool` (`oid_index`, `name`, `startAddress`, `netmaskSize`) VALUES (5,'test6','172.16.143.10',18);
INSERT INTO `InternalIPAddressPoolToProtGrpMap` (`oid_index`, `fkInternalIPPool`, `fkprot_grp`, `interface`, `poolType`, `maxConfigurable`, `numAddressPerCard`) VALUES (0,0,1,'fpeth1','POOL_TYPE_PLATFORM',2,1);
INSERT INTO `InternalIPAddressPoolToProtGrpMap` (`oid_index`, `fkInternalIPPool`, `fkprot_grp`, `interface`, `poolType`, `maxConfigurable`, `numAddressPerCard`) VALUES (1,1,1,'fpeth1','POOL_TYPE_PLATFORM',2,1);
INSERT INTO `InternalIPAddressPoolToProtGrpMap` (`oid_index`, `fkInternalIPPool`, `fkprot_grp`, `interface`, `poolType`, `maxConfigurable`, `numAddressPerCard`) VALUES (2,2,1,'fpeth1','POOL_TYPE_PLATFORM',2,1);
INSERT INTO `InternalIPAddressPoolToProtGrpMap` (`oid_index`, `fkInternalIPPool`, `fkprot_grp`, `interface`, `poolType`, `maxConfigurable`, `numAddressPerCard`) VALUES (3,3,1,'fpeth1','POOL_TYPE_PLATFORM',2,1);
INSERT INTO `InternalIPAddressPoolToProtGrpMap` (`oid_index`, `fkInternalIPPool`, `fkprot_grp`, `interface`, `poolType`, `maxConfigurable`, `numAddressPerCard`) VALUES (4,4,1,'fpeth2','POOL_TYPE_PLATFORM',2,1);
INSERT INTO `InternalIPAddressPoolToProtGrpMap` (`oid_index`, `fkInternalIPPool`, `fkprot_grp`, `interface`, `poolType`, `maxConfigurable`, `numAddressPerCard`) VALUES (5,5,0,'fpeth2','POOL_TYPE_PLATFORM',2,1);
INSERT INTO `LIParams` (`oid_index`, `LI_Flag`, `LI_X1_EncryptMode`, `LI_X2_EncryptMode`, `LI_X2_Ack_Time`, `LI_X2_Conn_Retry_Time`, `LI_X2_Retry_Num_Attempts`, `LI_X2_Buffer_Erase_Time`, `LI_X2_General_InActivity_Time`, `LI_X2_Buffer_Size`, `LI_X2_Enable_Encryption`, `LI_XCAP_Interrogation_Support`, `LI_X3_Transport_Protocol`, `LI_X3_Packet_Delivery_Mode`, `LI_X2_EncodeSIPPDU`, `LI_X3_EncryptRTP`, `versionID`, `timeStamp`, `MatchTACandSNROnly`, `AssociatedIdentityTapping`, `LegacyLi`, `ExtractOtherIdentities`) VALUES (0,'TRUE','LI_ENCRYPTION_MODE_NONE','LI_ENCRYPTION_MODE_NONE',60,60,3,3600,180,1000,'FALSE','DISABLE','X3UDP','SINGLE','TRUE','FALSE',0,'2016-03-09 11:38:23','TRUE','FALSE','FALSE','TRUE');
INSERT INTO `LITargetsMSISDN` (`oid_index`, `MSISDN`, `fkoid`) VALUES (0,'MTg4OTg3MTAxMTg=',0);
INSERT INTO `OnDemandAudit` (`oid_index`, `internal`, `externalBssap`, `externalMegaco`, `fkAuditProfile`) VALUES (0,'AUDIT_IGNORE','AUDIT_IGNORE','AUDIT_IGNORE',0);
INSERT INTO `OvldApp` (`oid_index`, `versionID`, `timeStamp`, `service_type`, `level`) VALUES (0,0,'2015-03-16 07:53:11','AUDIT',1);
INSERT INTO `OvldAppRes` (`oid_index`, `versionID`, `timeStamp`, `compType`, `appResType`, `specName`, `thresh1`, `thresh2`, `thresh3`, `thresh4`) VALUES (1,0,'2015-03-16 07:53:11','UNKNOWN_CARD_TYPE','OVLD_APP_RES_TYPE_DP_CPU','DP_CPU',70,80,90,95);
INSERT INTO `OvldAppRes` (`oid_index`, `versionID`, `timeStamp`, `compType`, `appResType`, `specName`, `thresh1`, `thresh2`, `thresh3`, `thresh4`) VALUES (2,0,'2015-03-16 07:53:11','UNKNOWN_CARD_TYPE','OVLD_APP_RES_TYPE_DP_MEM','DP_MEM',80,85,90,95);
INSERT INTO `OvldAppRes` (`oid_index`, `versionID`, `timeStamp`, `compType`, `appResType`, `specName`, `thresh1`, `thresh2`, `thresh3`, `thresh4`) VALUES (3,0,'2015-03-16 07:53:11','AM','OVLD_APP_RES_TYPE_PORT','DP_PORT',80,85,90,95);
INSERT INTO `OvldComponent` (`oid_index`, `versionID`, `timeStamp`, `name`, `enable_memory`, `measurement_interval`, `averaging_samples`, `ovld_cpu_thresh1`, `ovld_cpu_abate_thresh1`, `ovld_cpu_thresh2`, `ovld_cpu_abate_thresh2`, `ovld_cpu_thresh3`, `ovld_cpu_abate_thresh3`, `ovld_cpu_thresh4`, `ovld_cpu_abate_thresh4`, `ovld_mem_thresh1`, `ovld_mem_abate_thresh1`, `ovld_mem_thresh2`, `ovld_mem_abate_thresh2`, `ovld_mem_thresh3`, `ovld_mem_abate_thresh3`, `ovld_mem_thresh4`, `ovld_mem_abate_thresh4`, `ovld_abate_hys_thresh1`, `ovld_abate_hys_thresh2`, `ovld_abate_hys_thresh3`, `ovld_abate_hys_thresh4`, `cpuUsageCalcMethod`, `non_mOne_process_cpu_thresh`, `non_mOne_process_cpu_abate_thresh`, `cpu_core_excluded`, `memory_excluded`) VALUES (0,0,'2015-04-14 08:41:11','ovldComponent',1,2,1,50,45,60,55,70,65,90,85,50,45,60,55,70,65,90,85,1,1,1,1,'AVERAGE_CPU',30,20,'none',0);
INSERT INTO `OvldComponent` (`oid_index`, `versionID`, `timeStamp`, `name`, `enable_memory`, `measurement_interval`, `averaging_samples`, `ovld_cpu_thresh1`, `ovld_cpu_abate_thresh1`, `ovld_cpu_thresh2`, `ovld_cpu_abate_thresh2`, `ovld_cpu_thresh3`, `ovld_cpu_abate_thresh3`, `ovld_cpu_thresh4`, `ovld_cpu_abate_thresh4`, `ovld_mem_thresh1`, `ovld_mem_abate_thresh1`, `ovld_mem_thresh2`, `ovld_mem_abate_thresh2`, `ovld_mem_thresh3`, `ovld_mem_abate_thresh3`, `ovld_mem_thresh4`, `ovld_mem_abate_thresh4`, `ovld_abate_hys_thresh1`, `ovld_abate_hys_thresh2`, `ovld_abate_hys_thresh3`, `ovld_abate_hys_thresh4`, `cpuUsageCalcMethod`, `non_mOne_process_cpu_thresh`, `non_mOne_process_cpu_abate_thresh`, `cpu_core_excluded`, `memory_excluded`) VALUES (3,0,'2015-03-16 07:53:11','ovldComponent3',1,1,1,50,45,70,65,80,75,90,85,90,85,100,95,90,95,100,95,1,1,1,1,'AVERAGE_CPU',30,20,'none',0);
INSERT INTO `OvldDiskInfo` (`oid_index`, `comType`, `thresh`, `partition`) VALUES (0,'AM',10,'/');
INSERT INTO `OvldDropAction` (`oid_index`, `versionID`, `timeStamp`, `type`, `thresh1`, `thresh2`, `thresh3`, `thresh4`) VALUES (0,0,'2015-07-07 10:08:56','DROP_TYPE_SIP_NEWCALL',50,55,80,90);
INSERT INTO `OvldSystem` (`oid_index`, `versionID`, `timeStamp`, `ovld_enabled`, `ovld_callrate_trigger_enabled`, `ovld_midcall_enabled`, `ovld_normal_distribution_interval`, `ovld_overload_distribution_interval`, `ovld_T1`, `ovld_T2`, `ovld_T3`, `ovld_T4`) VALUES (0,0,'2015-07-07 07:24:50',1,NULL,NULL,3,2,3,3,3,3);
INSERT INTO `PMConfig` (`oid_index`, `monitorInterfaces`, `smConnLostTimer`, `monitorCriticalPgm`, `RMIntTrafficInterface`, `VIPEnable`) VALUES (0,1,30,1,'bond1.8',1);
INSERT INTO `RuleSet` (`oid_index`, `name`, `description`, `priority`, `cnf`, `trrType`) VALUES (0,'Remove Prefix','Remove Prefix',0,'CNF','TRR_PRTCT');
INSERT INTO `RuleSet` (`oid_index`, `name`, `description`, `priority`, `cnf`, `trrType`) VALUES (1,'Internationalization','Internationalization',0,'CNF','TRR_PRTCT');
INSERT INTO `Rule_Elem` (`oid_index`, `fkName`, `value`, `groupId`, `condNeg`, `fkRuleSet`) VALUES (0,0,'^\\+[0-9]*$',0,'RULE_FALSE',0);
INSERT INTO `Rule_Elem` (`oid_index`, `fkName`, `value`, `groupId`, `condNeg`, `fkRuleSet`) VALUES (1,0,'^[0-9]{10,10}$',0,'RULE_FALSE',1);
INSERT INTO `Rule_Elem` (`oid_index`, `fkName`, `value`, `groupId`, `condNeg`, `fkRuleSet`) VALUES (2,1,'^\\+[0-9]*$',0,'RULE_FALSE',0);
INSERT INTO `Rule_Elem` (`oid_index`, `fkName`, `value`, `groupId`, `condNeg`, `fkRuleSet`) VALUES (3,1,'^[0-9]{10,10}$',0,'RULE_FALSE',1);
INSERT INTO `SMConfig` (`oid_index`, `interval`, `count`, `switchOnNetFailure`) VALUES (0,200,2,'FALSE');
INSERT INTO `SipWarningCode` (`oid_index`, `warningCode`, `warningText`) VALUES (0,'WRN_NONE','\"\"');
INSERT INTO `SipWarningCode` (`oid_index`, `warningCode`, `warningText`) VALUES (1,'WRN_TOO_MANY_PARTS','\"Too many participants\"');
INSERT INTO `SipWarningCode` (`oid_index`, `warningCode`, `warningText`) VALUES (2,'WRN_FOCUS_ASSIGNED','\"Isfocus already assigned\"');
INSERT INTO `SipWarningCode` (`oid_index`, `warningCode`, `warningText`) VALUES (3,'WRN_ANONY_NOT_ALLOWED','\"Anonymity not allowed\"');
INSERT INTO `SipWarningCode` (`oid_index`, `warningCode`, `warningText`) VALUES (4,'WRN_FUNC_NOT_ALLOWED','\"Function not allowed\"');
INSERT INTO `SipWarningCode` (`oid_index`, `warningCode`, `warningText`) VALUES (5,'WRN_SESS_NOT_EXISTED','\"Session does not exist\"');
INSERT INTO `SipWarningCode` (`oid_index`, `warningCode`, `warningText`) VALUES (6,'WRN_NO_MESSAGE','\"No messages\"');
INSERT INTO `SipWarningCode` (`oid_index`, `warningCode`, `warningText`) VALUES (7,'WRN_SERV_NOT_AUTHORED','\"Service not authorised\"');
INSERT INTO `SipWarningCode` (`oid_index`, `warningCode`, `warningText`) VALUES (8,'WRN_NO_PART','\"No destination addresses available for the action\"');
INSERT INTO `SipWarningCode` (`oid_index`, `warningCode`, `warningText`) VALUES (9,'WRN_VERSION_NOT_SUPPORTED','\"Version not supported\"');
INSERT INTO `SipWarningCode` (`oid_index`, `warningCode`, `warningText`) VALUES (10,'WRN_DEBUG','\"Debug\"');
INSERT INTO `SystemAudit` (`oid_index`, `systemWide`, `internal`, `externalBssap`, `externalMegaco`, `startHour`, `startMin`, `maxDuration`, `fkAuditProfile`, `versionID`, `timeStamp`) VALUES (0,'AUDIT_DISABLED','AUDIT_DISABLED','AUDIT_DISABLED','AUDIT_DISABLED',0,0,7200,0,0,'2015-03-16 07:53:12');
INSERT INTO `SystemBackup` (`oid_index`, `dailyBackup`, `startMin`, `startHour`, `backupTimeout`, `deleteTimeInterval`, `backupPath`, `emsTriggerIdx`) VALUES (0,'BACKUP_DISABLED',0,1,30,7,'/data/Backup',7);
INSERT INTO `TcMgr8330Settings` (`oid_index`, `dspCoreMask`, `dspKeepAliveTimer`, `numDspPerDimm`) VALUES (0,17591933399295,10,4);
INSERT INTO `TcMgrSettings` (`oid_index`, `equalizationBlockSize`, `replicationResponseTimeout`, `BatchEqualizationTimeout`, `maxTranscoderCpuPercentage`) VALUES (0,8000,10,10,80);
INSERT INTO `TransRouting` (`oid_index`, `appType`, `versionID`, `profileName`, `profileXml`, `timeStamp`) VALUES (0,'APP_TYPE_UNKNOWN',0,'Mav_Trr_NAPTR_0','<?xml version=\"1.0\" encoding=\"UTF-8\"?>\r\n<Trr xmlns:xsi=\"http://www.w3.org/2001/XMLSchema-instance\" xsi:noNamespaceSchemaLocation=\"Trr.xsd\">\r\n  <PublicIdentifiers>\r\n    <ProfileName>TransRouting</ProfileName>\r\n  </PublicIdentifiers>\r\n  <RepositoryData>\r\n    <ServiceIndication>GLOBALPROFILE</ServiceIndication>\r\n    <SequenceNumber>6</SequenceNumber>\r\n    <ServiceData>\r\n    <TrrProfileName>Mav_Trr_NAPTR_0</TrrProfileName>\r\n<InitialFilterCriteria>\r\n        <Priority>0</Priority>\r\n        <TriggerPoint>\r\n          <ConditionTypeCNF>1</ConditionTypeCNF>\r\n                       <SPT>\r\n                        <Group>0</Group>\r\n                        <srcRealm>realm-gm</srcRealm>\r\n                      </SPT>\r\n                      <SPT>\r\n                        <Group>1</Group>\r\n                         <UserAgent>(sip:.*);lr</UserAgent>\r\n                      </SPT>\r\n        </TriggerPoint>\r\n        <Action>\r\n                <DestRoute>\r\n		    <AppType>TARGET_PUAG</AppType>\r\n                    <DestFQDN>$1</DestFQDN>\r\n                    <destRealm>realm-mw</destRealm>\r\n                </DestRoute>                                                                                                      \r\n                <CauseCode>TRR_EXIT</CauseCode>                                                                                   \r\n        </Action>                                                                                                                 \r\n</InitialFilterCriteria>\r\n<InitialFilterCriteria>\r\n        <Priority>0</Priority>\r\n        <TriggerPoint>\r\n          <ConditionTypeCNF>1</ConditionTypeCNF>\r\n                       <SPT>\r\n                        <Group>0</Group>\r\n                        <srcRealm>realm-gm</srcRealm>\r\n                      </SPT>\r\n                      <SPT>\r\n                        <Group>1</Group>\r\n                        <SIPmethod>INVITE</SIPmethod>\r\n                      </SPT>\r\n                      <SPT>\r\n                        <Group>2</Group>\r\n                        <emergencyCall>true</emergencyCall>\r\n                      </SPT>\r\n        </TriggerPoint>\r\n        <Action>\r\n                <DestRoute>\r\n                    <AppType>TARGET_ECSCF</AppType>\r\n                    <destSessionTargetID>16</destSessionTargetID>\r\n                    <destRealm>realm-mw</destRealm>                                                                               \r\n                </DestRoute>                                                                                                      \r\n                <CauseCode>TRR_EXIT</CauseCode>                                                                                   \r\n        </Action>                                                                                                                 \r\n</InitialFilterCriteria>   \r\n<InitialFilterCriteria>\r\n        <Priority>0</Priority>\r\n        <TriggerPoint>\r\n          <ConditionTypeCNF>1</ConditionTypeCNF>\r\n                       <SPT>\r\n                        <Group>0</Group>\r\n                        <srcRealm>realm-gm</srcRealm>\r\n                      </SPT>\r\n                      <SPT>\r\n                        <Group>1</Group>\r\n                        <SIPmethod>INVITE</SIPmethod>\r\n                      </SPT>\r\n                      <SPT>\r\n                        <Group>2</Group>\r\n                        <calledPartyDigits>urn:service:sos.*</calledPartyDigits>\r\n                      </SPT>\r\n        </TriggerPoint>\r\n        <Action>\r\n                <DestRoute>\r\n                    <AppType>TARGET_ECSCF</AppType>\r\n                    <destRealm>realm-mw</destRealm>\r\n                </DestRoute>\r\n                <CauseCode>TRR_EXIT</CauseCode>\r\n        </Action>\r\n</InitialFilterCriteria>    \r\n<InitialFilterCriteria>\r\n        <Priority>0</Priority>\r\n        <TriggerPoint>\r\n          <ConditionTypeCNF>1</ConditionTypeCNF>\r\n                       <SPT>\r\n                        <Group>0</Group>\r\n                        <srcRealm>realm-gm</srcRealm>\r\n                      </SPT>\r\n                      <SPT>\r\n                        <Group>1</Group>\r\n                        <SIPmethod>INVITE</SIPmethod>\r\n                      </SPT>\r\n                      <SPT>\r\n                        <Group>2</Group>\r\n                        <calledPartyDigits>\\+110|\\+1110|\\+911</calledPartyDigits>\r\n                      </SPT>\r\n                </TriggerPoint>\r\n        <Action>\r\n                <DestRoute>\r\n                    <AppType>TARGET_ECSCF</AppType>\r\n				    <destSessionTargetID>3</destSessionTargetID> \r\n                    <destRealm>realm-mw</destRealm>\r\n                </DestRoute>\r\n                <CauseCode>TRR_EXIT</CauseCode>\r\n        </Action>\r\n</InitialFilterCriteria>    \r\n\r\n<InitialFilterCriteria>\r\n        <Priority>0</Priority>\r\n        <TriggerPoint>\r\n          <ConditionTypeCNF>1</ConditionTypeCNF>\r\n                       <SPT>\r\n                        <Group>0</Group>\r\n                        <srcRealm>realm-gm</srcRealm>\r\n                      </SPT>\r\n                      <SPT>\r\n                        <Group>1</Group>\r\n                        <SIPmethod>INVITE</SIPmethod>\r\n                      </SPT>\r\n                      <SPT>\r\n                        <Group>2</Group>\r\n                        <calledPartyDigits>^911$</calledPartyDigits>\r\n                      </SPT>\r\n        </TriggerPoint>\r\n        <Action>\r\n                <DestRoute>\r\n                    <AppType>TARGET_ECSCF</AppType>\r\n                    <destSessionTargetID>16</destSessionTargetID>\r\n                    <destRealm>realm-mw</destRealm>\r\n                </DestRoute>\r\n                <CauseCode>TRR_EXIT</CauseCode>\r\n        </Action>\r\n</InitialFilterCriteria>\r\n\r\n\r\n<InitialFilterCriteria>\r\n        <Priority>0</Priority>\r\n        <TriggerPoint>\r\n          <ConditionTypeCNF>1</ConditionTypeCNF>\r\n                      <SPT>\r\n                        <Group>0</Group>\r\n                        <srcRealm>realm-gm</srcRealm >\r\n                      </SPT>\r\n                      <SPT>\r\n                        <Group>1</Group>\r\n                        <netInterfaceType>NET_INTERFACE_ANY</netInterfaceType>\r\n                      </SPT>\r\n                      <SPT>\r\n                        <Group>2</Group>\r\n                        <srcAddr>10.2.50.94</srcAddr>\r\n                      </SPT>\r\n                      <SPT>\r\n                        <Group>3</Group>\r\n                        <destDomain>sha-xt.mavenir.com</destDomain>\r\n                      </SPT>\r\n        </TriggerPoint>\r\n        <Action>\r\n                <DestRoute>\r\n                    <AppType>TARGET_REMOTE_IBCF</AppType>\r\n                    <destRealm>realm-mw</destRealm>\r\n                    <destSessionTargetGroupId>11</destSessionTargetGroupId>\r\n                </DestRoute>\r\n                <CauseCode>TRR_EXIT</CauseCode>\r\n        </Action>\r\n</InitialFilterCriteria>\r\n\r\n<InitialFilterCriteria>\r\n        <Priority>0</Priority>\r\n        <TriggerPoint>\r\n          <ConditionTypeCNF>1</ConditionTypeCNF>\r\n                       <SPT>\r\n                        <Group>0</Group>\r\n                        <srcRealm>realm-gm</srcRealm >\r\n                      </SPT>\r\n                      <SPT>\r\n                        <Group>1</Group>\r\n                        <SIPmethod>INVITE</SIPmethod>\r\n                        <SIPmethod>REGISTER</SIPmethod>\r\n                      </SPT>\r\n                       <SPT>\r\n                        <Group>2</Group>\r\n                        <networkType>HOME_NETWORK</networkType>\r\n                      </SPT>                      \r\n        </TriggerPoint>\r\n        <Action>\r\n                <DestRoute>\r\n                    <AppType>TARGET_ATCF</AppType>\r\n                    <destRealm>realm-mw</destRealm>\r\n                </DestRoute>\r\n                <CauseCode>TRR_EXIT</CauseCode>\r\n        </Action>\r\n</InitialFilterCriteria>    \r\n<InitialFilterCriteria>\r\n        <Priority>0</Priority>\r\n        <TriggerPoint>\r\n          <ConditionTypeCNF>1</ConditionTypeCNF>\r\n                      <SPT>\r\n                        <Group>0</Group>\r\n                        <srcRealm>realm-gm</srcRealm >\r\n                      </SPT>\r\n                      <SPT>\r\n                        <Group>1</Group>\r\n                        <netInterfaceType>NET_INTERFACE_ANY</netInterfaceType>\r\n                      </SPT>\r\n                       <SPT>\r\n                        <Group>2</Group>\r\n                        <networkType>HOME_NETWORK</networkType>\r\n                      </SPT>                       \r\n        </TriggerPoint>\r\n        <Action>\r\n                <DestRoute>\r\n                    <AppType>TARGET_AS_MESSAGE</AppType>\r\n                    <destRealm>realm-mw</destRealm>\r\n                </DestRoute>\r\n                <CauseCode>TRR_EXIT</CauseCode>\r\n        </Action>\r\n</InitialFilterCriteria>\r\n<InitialFilterCriteria>\r\n        <Priority>0</Priority>\r\n        <TriggerPoint>\r\n          <ConditionTypeCNF>1</ConditionTypeCNF>\r\n                      <SPT>\r\n                        <Group>0</Group>\r\n                        <SIPmethod>SUBSCRIBE</SIPmethod >\r\n                      </SPT>\r\n                      <SPT>\r\n                        <Group>1</Group>\r\n                        <netInterfaceType>NET_INTERFACE_ANY</netInterfaceType>\r\n                      </SPT>\r\n                       <SPT>\r\n                        <Group>2</Group>\r\n                        <networkType>HOME_NETWORK</networkType>\r\n                      </SPT>                       \r\n        </TriggerPoint>\r\n        <Action>\r\n                <DestRoute>\r\n                    <AppType>TARGET_AS_MESSAGE</AppType>\r\n                    <destRealm>realm-mw</destRealm>\r\n                </DestRoute>\r\n                <CauseCode>TRR_EXIT</CauseCode>\r\n        </Action>\r\n</InitialFilterCriteria>\r\n<InitialFilterCriteria>\r\n        <Priority>0</Priority>\r\n        <TriggerPoint>\r\n          <ConditionTypeCNF>1</ConditionTypeCNF>\r\n                       <SPT>\r\n                        <Group>0</Group>\r\n                        <srcRealm>realm-gm</srcRealm >\r\n                      </SPT>\r\n                      <SPT>\r\n                        <Group>1</Group>\r\n                        <networkType>VISITED_NETWORK</networkType>\r\n                      </SPT>                       \r\n        </TriggerPoint>\r\n        <Action>\r\n                <DestRoute>\r\n                    <AppType>TARGET_AS_MESSAGE</AppType>\r\n                    <destRealm>realm-mw</destRealm>\r\n                </DestRoute>\r\n                <CauseCode>TRR_EXIT</CauseCode>\r\n        </Action>\r\n</InitialFilterCriteria>\r\n<InitialFilterCriteria>\r\n        <Priority>0</Priority>\r\n        <TriggerPoint>\r\n          <ConditionTypeCNF>1</ConditionTypeCNF>\r\n                      <SPT>\r\n                        <Group>0</Group>\r\n                        <SIPmethod>SUBSCRIBE</SIPmethod >\r\n                      </SPT>\r\n                      <SPT>\r\n                        <Group>1</Group>\r\n                        <netInterfaceType>NET_INTERFACE_ANY</netInterfaceType>\r\n                      </SPT>\r\n                       <SPT>\r\n                        <Group>2</Group>\r\n                        <networkType>VISITED_NETWORK</networkType>\r\n                      </SPT>                       \r\n        </TriggerPoint>\r\n        <Action>\r\n                <DestRoute>\r\n                    <AppType>TARGET_AS_MESSAGE</AppType>\r\n                    <destRealm>realm-mw</destRealm>\r\n                </DestRoute>\r\n                <CauseCode>TRR_EXIT</CauseCode>\r\n        </Action>\r\n</InitialFilterCriteria>\r\n    </ServiceData>\r\n  </RepositoryData>\r\n</Trr>','2016-02-23 13:06:42');
INSERT INTO `TransRouting` (`oid_index`, `appType`, `versionID`, `profileName`, `profileXml`, `timeStamp`) VALUES (1,'APP_TYPE_UNKNOWN',0,'Mav_Trr_NAPTR_1','<?xml version=\"1.0\" encoding=\"UTF-8\"?>\r\n<Trr xmlns:xsi=\"http://www.w3.org/2001/XMLSchema-instance\" xsi:noNamespaceSchemaLocation=\"Trr.xsd\">\r\n  <PublicIdentifiers>\r\n    <ProfileName>TransRouting</ProfileName>\r\n  </PublicIdentifiers>\r\n  <RepositoryData>\r\n    <ServiceIndication>GLOBALPROFILE</ServiceIndication>\r\n    <SequenceNumber>6</SequenceNumber>\r\n    <ServiceData>\r\n    <TrrProfileName>Mav_Trr_NAPTR_1</TrrProfileName>\r\n\r\n<InitialFilterCriteria>\r\n        <Priority>0</Priority>\r\n        <TriggerPoint>\r\n          <ConditionTypeCNF>1</ConditionTypeCNF>\r\n                      <SPT>\r\n                        <Group>0</Group>\r\n                        <srcRealm>realm-mw</srcRealm >\r\n                      </SPT>\r\n                      <SPT>\r\n                        <Group>1</Group>\r\n                        <netInterfaceType>NET_INTERFACE_ANY</netInterfaceType>\r\n                      </SPT>\r\n                      <SPT>\r\n                        <Group>2</Group>\r\n                        <srcAddr>10.2.15.203</srcAddr>\r\n                      </SPT>\r\n                      <SPT>\r\n                        <Group>3</Group>\r\n                        <destDomain>sha-xt.mavenir.com</destDomain>\r\n                      </SPT>\r\n        </TriggerPoint>\r\n        <Action>\r\n                <DestRoute>\r\n                    <AppType>TARGET_AS_MESSAGE</AppType>\r\n                    <destRealm>realm-gm</destRealm>\r\n                </DestRoute>\r\n                <CauseCode>TRR_EXIT</CauseCode>\r\n        </Action>\r\n</InitialFilterCriteria>\r\n\r\n<InitialFilterCriteria>\r\n        <Priority>1</Priority>\r\n        <TriggerPoint>\r\n          <ConditionTypeCNF>1</ConditionTypeCNF>\r\n                      <SPT>\r\n                        <Group>0</Group>\r\n                        <srcRealm>realm-mw</srcRealm >\r\n                      </SPT>\r\n                      <SPT>\r\n                        <Group>1</Group>\r\n                        <netInterfaceType>NET_INTERFACE_ANY</netInterfaceType>\r\n                      </SPT>\r\n        </TriggerPoint>\r\n        <Action>\r\n                <DestRoute>\r\n                    <AppType>TARGET_AS_MESSAGE</AppType>\r\n                    <destRealm>realm-gm</destRealm>\r\n                </DestRoute>\r\n                <CauseCode>TRR_EXIT</CauseCode>\r\n        </Action>\r\n</InitialFilterCriteria>\r\n\r\n    </ServiceData>\r\n  </RepositoryData>\r\n</Trr>','2016-02-25 19:53:06');
INSERT INTO `TransRouting` (`oid_index`, `appType`, `versionID`, `profileName`, `profileXml`, `timeStamp`) VALUES (2,'APP_TYPE_UNKNOWN',0,'Mav_Trr_NAPTR_2','<?xml version=\"1.0\" encoding=\"UTF-8\"?>\r\n<Trr xmlns:xsi=\"http://www.w3.org/2001/XMLSchema-instance\" xsi:noNamespaceSchemaLocation=\"Trr.xsd\">\r\n  <PublicIdentifiers>\r\n    <ProfileName>TransRouting</ProfileName>\r\n  </PublicIdentifiers>\r\n  <RepositoryData>\r\n    <ServiceIndication>GLOBALPROFILE</ServiceIndication>\r\n    <SequenceNumber>6</SequenceNumber>\r\n    <ServiceData>\r\n    <TrrProfileName>Mav_Trr_NAPTR_2</TrrProfileName>\r\n<InitialFilterCriteria>\r\n        <Priority>1</Priority>\r\n        <TriggerPoint>\r\n          <ConditionTypeCNF>1</ConditionTypeCNF>\r\n                      <SPT>\r\n                        <Group>0</Group>\r\n                        <srcRealm>realm-mwmx</srcRealm >\r\n                      </SPT>\r\n                      <SPT>\r\n                        <Group>1</Group>\r\n                        <netInterfaceType>NET_INTERFACE_ANY</netInterfaceType>\r\n                      </SPT>\r\n        </TriggerPoint>\r\n        <Action>\r\n                <DestRoute>\r\n                    <AppType>TARGET_AS_MESSAGE</AppType>\r\n                    <destRealm>realm-mwmx</destRealm>\r\n                </DestRoute>\r\n                <CauseCode>TRR_EXIT</CauseCode>\r\n        </Action>\r\n</InitialFilterCriteria>\r\n    </ServiceData>\r\n  </RepositoryData>\r\n</Trr>','2016-02-14 15:59:25');
INSERT INTO `TransRouting` (`oid_index`, `appType`, `versionID`, `profileName`, `profileXml`, `timeStamp`) VALUES (3,'APP_TYPE_UNKNOWN',0,'Mav_Trr_NAPTR_3','<?xml version=\"1.0\" encoding=\"UTF-8\"?>\r\n<Trr xmlns:xsi=\"http://www.w3.org/2001/XMLSchema-instance\" xsi:noNamespaceSchemaLocation=\"Trr.xsd\">\r\n  <PublicIdentifiers>\r\n    <ProfileName>TransRouting</ProfileName>\r\n  </PublicIdentifiers>\r\n  <RepositoryData>\r\n    <ServiceIndication>GLOBALPROFILE</ServiceIndication>\r\n    <SequenceNumber>6</SequenceNumber>\r\n    <ServiceData>\r\n    <TrrProfileName>Mav_Trr_NAPTR_3</TrrProfileName>\r\n<InitialFilterCriteria>\r\n        <Priority>1</Priority>\r\n        <TriggerPoint>\r\n          <ConditionTypeCNF>1</ConditionTypeCNF>\r\n                      <SPT>\r\n                        <Group>0</Group>\r\n                        <srcRealm>realm-mwmx</srcRealm >\r\n                      </SPT>\r\n                      <SPT>\r\n                        <Group>1</Group>\r\n                        <netInterfaceType>NET_INTERFACE_ANY</netInterfaceType>\r\n                      </SPT>\r\n        </TriggerPoint>\r\n        <Action>\r\n                <DestRoute>\r\n                    <AppType>TARGET_AS_MESSAGE</AppType>\r\n                    <destRealm>realm-mwmx</destRealm>\r\n                </DestRoute>\r\n                <CauseCode>TRR_EXIT</CauseCode>\r\n        </Action>\r\n</InitialFilterCriteria>\r\n    </ServiceData>\r\n  </RepositoryData>\r\n</Trr>','2016-02-14 15:59:54');
INSERT INTO `TransRouting` (`oid_index`, `appType`, `versionID`, `profileName`, `profileXml`, `timeStamp`) VALUES (4,'APP_TYPE_UNKNOWN',0,'Mav_Trr','<?xml version=\"1.0\" encoding=\"UTF-8\"?>\r\n<Trr xmlns:xsi=\"http://www.w3.org/2001/XMLSchema-instance\" xsi:noNamespaceSchemaLocation=\"Trr.xsd\">  \r\n  <PublicIdentifiers> \r\n    <ProfileName>TransRouting</ProfileName> \r\n  </PublicIdentifiers>  \r\n  <RepositoryData> \r\n    <ServiceIndication>GLOBALPROFILE</ServiceIndication>  \r\n    <SequenceNumber>1</SequenceNumber>  \r\n    <ServiceData>\r\n<InitialFilterCriteria>\r\n        <Priority>1</Priority>\r\n        <TriggerPoint>\r\n                <ConditionTypeCNF>1</ConditionTypeCNF>\r\n                <SPT>\r\n                        <Group>0</Group>\r\n                        <destAddr>6661</destAddr> //some shortCode\r\n                </SPT>\r\n        </TriggerPoint>\r\n        <Action>\r\n                <noArchiveForTerm>true</noArchiveForTerm>\r\n                <CauseCode>TRR_OK</CauseCode>\r\n        </Action>\r\n</InitialFilterCriteria> \r\n      <TrrProfileName>Mav_Trr</TrrProfileName>  \r\n      <InitialFilterCriteria> \r\n        <Priority>0</Priority>  \r\n        <TriggerPoint> \r\n          <ConditionTypeCNF>1</ConditionTypeCNF>  \r\n          <SPT> \r\n            <Group>0</Group>  \r\n            <destAddr>^\\+[0-9]{11,11}$</destAddr> \r\n          </SPT> \r\n        </TriggerPoint>  \r\n        <Action> \r\n          <destAddr> \r\n            <RemovePrefixDigits>1</RemovePrefixDigits>  \r\n            <SetNAI>International (1)</SetNAI>  \r\n            <SetNPI>ISDN/Telephone/E164 (1)</SetNPI> \r\n          </destAddr>  \r\n          <CauseCode>TRR_OK</CauseCode> \r\n        </Action> \r\n      </InitialFilterCriteria>  \r\n      <InitialFilterCriteria>\r\n        <Priority>1</Priority>\r\n        <TriggerPoint>\r\n          <ConditionTypeCNF>1</ConditionTypeCNF>\r\n          <SPT>\r\n            <Group>0</Group>\r\n            <srcAddr>^\\+[0-9]{11,11}</srcAddr>\r\n          </SPT>\r\n        </TriggerPoint>\r\n        <Action>\r\n          <srcAddr>\r\n            <RemovePrefixDigits>1</RemovePrefixDigits>\r\n            <SetNAI>International (1)</SetNAI>\r\n            <SetNPI>ISDN/Telephone/E164 (1)</SetNPI>\r\n          </srcAddr>\r\n          <CauseCode>TRR_OK</CauseCode>\r\n        </Action>\r\n      </InitialFilterCriteria>\r\n      <InitialFilterCriteria> \r\n        <Priority>2</Priority>  \r\n        <TriggerPoint> \r\n          <ConditionTypeCNF>1</ConditionTypeCNF>  \r\n          <SPT> \r\n            <Group>0</Group>  \r\n            <destAddr>^[0-9]{10,10}$</destAddr> \r\n          </SPT> \r\n        </TriggerPoint>  \r\n        <Action> \r\n          <destAddr> \r\n            <AddPrefixDigits>1</AddPrefixDigits>  \r\n            <SetNAI>International (1)</SetNAI>  \r\n            <SetNPI>ISDN/Telephone/E164 (1)</SetNPI> \r\n          </destAddr>  \r\n          <CauseCode>TRR_OK</CauseCode> \r\n        </Action> \r\n      </InitialFilterCriteria>  \r\n      <InitialFilterCriteria> \r\n        <Priority>3</Priority>  \r\n        <TriggerPoint> \r\n          <ConditionTypeCNF>1</ConditionTypeCNF>  \r\n          <SPT> \r\n            <Group>0</Group>  \r\n            <srcAddr>^[0-9]{10,10}$</srcAddr> \r\n          </SPT> \r\n        </TriggerPoint>  \r\n        <Action> \r\n          <srcAddr> \r\n            <AddPrefixDigits>1</AddPrefixDigits>  \r\n            <SetNAI>International (1)</SetNAI>  \r\n            <SetNPI>ISDN/Telephone/E164 (1)</SetNPI> \r\n          </srcAddr>  \r\n          <CauseCode>TRR_OK</CauseCode> \r\n        </Action> \r\n      </InitialFilterCriteria>  \r\n      <InitialFilterCriteria> \r\n        <Priority>4</Priority>  \r\n        <TriggerPoint> \r\n          <ConditionTypeCNF>1</ConditionTypeCNF>  \r\n          <SPT> \r\n            <Group>0</Group>  \r\n            <destAddr>^1[0-9]{11}$</destAddr> \r\n          </SPT> \r\n        </TriggerPoint>  \r\n        <Action> \r\n          <destAddr> \r\n            <SetNAI>International (1)</SetNAI>  \r\n            <SetNPI>ISDN/Telephone/E164 (1)</SetNPI> \r\n          </destAddr>  \r\n          <CauseCode>TRR_OK</CauseCode> \r\n        </Action> \r\n      </InitialFilterCriteria>  \r\n      <InitialFilterCriteria> \r\n        <Priority>5</Priority>  \r\n        <TriggerPoint> \r\n          <ConditionTypeCNF>1</ConditionTypeCNF>  \r\n          <SPT> \r\n            <Group>0</Group>  \r\n            <srcAddr>^1[0-9]{11}$</srcAddr> \r\n          </SPT> \r\n        </TriggerPoint>  \r\n        <Action> \r\n          <srcAddr> \r\n            <SetNAI>International (1)</SetNAI>  \r\n            <SetNPI>ISDN/Telephone/E164 (1)</SetNPI> \r\n          </srcAddr>  \r\n          <CauseCode>TRR_OK</CauseCode> \r\n        </Action> \r\n      </InitialFilterCriteria>  \r\n      <InitialFilterCriteria> \r\n        <Priority>6</Priority>  \r\n        <TriggerPoint> \r\n          <ConditionTypeCNF>1</ConditionTypeCNF>  \r\n          <SPT> \r\n            <Group>0</Group>  \r\n            <destAddr>^1[0-9]{10}$</destAddr> \r\n          </SPT> \r\n        </TriggerPoint>  \r\n        <Action> \r\n          <destAddr> \r\n            <SetNAI>International (1)</SetNAI>  \r\n            <SetNPI>ISDN/Telephone/E164 (1)</SetNPI> \r\n          </destAddr>  \r\n          <CauseCode>TRR_OK</CauseCode> \r\n        </Action> \r\n      </InitialFilterCriteria>  \r\n      <InitialFilterCriteria> \r\n        <Priority>7</Priority>  \r\n        <TriggerPoint> \r\n          <ConditionTypeCNF>1</ConditionTypeCNF>  \r\n          <SPT> \r\n            <Group>0</Group>  \r\n            <srcAddr>^1[0-9]{10}$</srcAddr> \r\n          </SPT> \r\n        </TriggerPoint>  \r\n        <Action> \r\n          <srcAddr> \r\n            <SetNAI>International (1)</SetNAI>  \r\n            <SetNPI>ISDN/Telephone/E164 (1)</SetNPI> \r\n          </srcAddr>  \r\n          <CauseCode>TRR_OK</CauseCode> \r\n        </Action> \r\n      </InitialFilterCriteria>\r\n      <InitialFilterCriteria> \r\n        <Priority>8</Priority>  \r\n        <TriggerPoint> \r\n          <ConditionTypeCNF>1</ConditionTypeCNF>  \r\n          <SPT> \r\n            <Group>0</Group>  \r\n            <destAddr>^4487.*</destAddr> \r\n          </SPT> \r\n        </TriggerPoint>  \r\n        <Action> \r\n          <destAddr> \r\n            <AddPrefixDigits>1</AddPrefixDigits>  \r\n            <SetNAI>International (1)</SetNAI>  \r\n            <SetNPI>ISDN/Telephone/E164 (1)</SetNPI> \r\n          </destAddr>  \r\n          <CauseCode>TRR_OK</CauseCode> \r\n        </Action> \r\n      </InitialFilterCriteria> \r\n      <InitialFilterCriteria> \r\n        <Priority>9</Priority>  \r\n        <TriggerPoint> \r\n          <ConditionTypeCNF>1</ConditionTypeCNF>  \r\n          <SPT> \r\n            <Group>0</Group>  \r\n            <destAddr>^5[0-9]{4}$</destAddr> \r\n          </SPT> \r\n        </TriggerPoint>  \r\n        <Action> \r\n          <destAddr> \r\n          <RemovePrefixDigits>1</RemovePrefixDigits>\r\n          <AddPrefixDigits>6</AddPrefixDigits>\r\n          <AddSuffixDigits>1234</AddSuffixDigits>\r\n            <SetNAI>International (1)</SetNAI>  \r\n            <SetNPI>ISDN/Telephone/E164 (1)</SetNPI> \r\n          </destAddr>  \r\n          <CauseCode>TRR_OK</CauseCode> \r\n        </Action> \r\n      </InitialFilterCriteria>  \r\n      <InitialFilterCriteria> \r\n        <Priority>9</Priority>  \r\n        <TriggerPoint> \r\n          <ConditionTypeCNF>1</ConditionTypeCNF>  \r\n          <SPT> \r\n            <Group>0</Group>  \r\n            <destAddr>^2[0-9]{10}$</destAddr> \r\n          </SPT> \r\n        </TriggerPoint>  \r\n        <Action> \r\n          <destAddr> \r\n          <AddPrefixDigits>2</AddPrefixDigits>\r\n            <SetNAI>International (1)</SetNAI>  \r\n            <SetNPI>ISDN/Telephone/E164 (1)</SetNPI> \r\n          </destAddr>  \r\n          <CauseCode>TRR_OK</CauseCode> \r\n        </Action> \r\n      </InitialFilterCriteria> \r\n    </ServiceData> \r\n  </RepositoryData> \r\n</Trr>','2016-02-14 16:00:28');
INSERT INTO `UtimacoLiConfig` (`oid_index`, `MaxSmsStored`, `SmsLiEnabled`, `LiTransportType`) VALUES (0,0,'TRUE','LI_TRANSPORT_NORMAL');
INSERT INTO `accessSettings` (`oid_index`, `versionID`, `timeStamp`, `name`, `isAllowed`, `isIPFragmentAllowed`, `maxAllowedHalfOpenTCPPerPeer`, `maxAllowedHalfOpenTCPTotal`, `maxAllowedActiveTCPPerPeer`, `maxAllowedActiveTCPTotal`, `maxAllowedActiveTLSPerPeer`, `maxAllowedActiveTLSTotal`, `maxAllowedContRegFailurePerPeer`, `attackDetectionInterval`, `freezingInterval`) VALUES (0,0,'2015-03-16 07:53:20','access-default','TRUE','TRUE',0,0,0,0,0,0,3,3600,3600);
INSERT INTO `accessSettings` (`oid_index`, `versionID`, `timeStamp`, `name`, `isAllowed`, `isIPFragmentAllowed`, `maxAllowedHalfOpenTCPPerPeer`, `maxAllowedHalfOpenTCPTotal`, `maxAllowedActiveTCPPerPeer`, `maxAllowedActiveTCPTotal`, `maxAllowedActiveTLSPerPeer`, `maxAllowedActiveTLSTotal`, `maxAllowedContRegFailurePerPeer`, `attackDetectionInterval`, `freezingInterval`) VALUES (1,0,'2015-03-16 07:53:20','allow-1','TRUE','TRUE',10,10,10,10,10,10,3,3600,3600);
INSERT INTO `accessSettings` (`oid_index`, `versionID`, `timeStamp`, `name`, `isAllowed`, `isIPFragmentAllowed`, `maxAllowedHalfOpenTCPPerPeer`, `maxAllowedHalfOpenTCPTotal`, `maxAllowedActiveTCPPerPeer`, `maxAllowedActiveTCPTotal`, `maxAllowedActiveTLSPerPeer`, `maxAllowedActiveTLSTotal`, `maxAllowedContRegFailurePerPeer`, `attackDetectionInterval`, `freezingInterval`) VALUES (2,0,'2015-03-16 07:53:20','deny-1','FALSE','FALSE',0,0,0,0,0,0,3,3600,3600);
INSERT INTO `acrTriggerConfig` (`oid_index`, `enableSIP200OKInvite`, `enableSIP200OKACK`, `enableSIP200OKReinviteUpdate`, `enableSIP200OKRegister`, `enableSIP200OKMessage`, `enableSIP202AcceptedMessage`, `enableSIP200OKSubscribe`, `enableSIP200OKNotify`, `enableSIP200OKPublish`, `enableSIP200OKReffer`, `enableSIP202acceptedReffer`, `enableSIPCancelInvite`, `enableSIP4xx5xx6xxSessionRelated`, `enableSIP4xx5xx6xxSessionUnrelated`, `enableSIP3xx`) VALUES (0,'TRUE','FALSE','TRUE','TRUE','TRUE','TRUE','TRUE','TRUE','TRUE','TRUE','TRUE','TRUE','TRUE','TRUE','TRUE');
INSERT INTO `address_book` (`oid_index`, `name`, `addrType`, `fkImsRmtServer`, `fkServerGroup`, `fkRealm`, `fksubrealm`, `fkInternalServer`, `fkiam_rmt_server`) VALUES (0,'0','ADDR_ANY',NULL,NULL,NULL,NULL,NULL,NULL);
INSERT INTO `address_book` (`oid_index`, `name`, `addrType`, `fkImsRmtServer`, `fkServerGroup`, `fkRealm`, `fksubrealm`, `fkInternalServer`, `fkiam_rmt_server`) VALUES (1,'1','ADDR_ANY_TRUSTED',NULL,NULL,NULL,NULL,NULL,NULL);
INSERT INTO `address_book` (`oid_index`, `name`, `addrType`, `fkImsRmtServer`, `fkServerGroup`, `fkRealm`, `fksubrealm`, `fkInternalServer`, `fkiam_rmt_server`) VALUES (2,'2','ADDR_ANY_UNTRUSTED',NULL,NULL,NULL,NULL,NULL,NULL);
INSERT INTO `address_book` (`oid_index`, `name`, `addrType`, `fkImsRmtServer`, `fkServerGroup`, `fkRealm`, `fksubrealm`, `fkInternalServer`, `fkiam_rmt_server`) VALUES (3,'3','ADDR_RMT_SERVER',0,NULL,NULL,NULL,NULL,NULL);
INSERT INTO `address_book` (`oid_index`, `name`, `addrType`, `fkImsRmtServer`, `fkServerGroup`, `fkRealm`, `fksubrealm`, `fkInternalServer`, `fkiam_rmt_server`) VALUES (4,'4','ADDR_GROUP',NULL,1,NULL,NULL,NULL,NULL);
INSERT INTO `address_book` (`oid_index`, `name`, `addrType`, `fkImsRmtServer`, `fkServerGroup`, `fkRealm`, `fksubrealm`, `fkInternalServer`, `fkiam_rmt_server`) VALUES (5,'5','ADDR_INTERNAL_SERVER',NULL,NULL,NULL,NULL,0,NULL);
INSERT INTO `address_book` (`oid_index`, `name`, `addrType`, `fkImsRmtServer`, `fkServerGroup`, `fkRealm`, `fksubrealm`, `fkInternalServer`, `fkiam_rmt_server`) VALUES (6,'6','ADDR_REALM',NULL,NULL,2,NULL,NULL,NULL);
INSERT INTO `address_book` (`oid_index`, `name`, `addrType`, `fkImsRmtServer`, `fkServerGroup`, `fkRealm`, `fksubrealm`, `fkInternalServer`, `fkiam_rmt_server`) VALUES (8,'8','ADDR_REALM',NULL,NULL,1,NULL,NULL,NULL);
INSERT INTO `address_book` (`oid_index`, `name`, `addrType`, `fkImsRmtServer`, `fkServerGroup`, `fkRealm`, `fksubrealm`, `fkInternalServer`, `fkiam_rmt_server`) VALUES (9,'9','ADDR_REALM',NULL,NULL,4,NULL,NULL,NULL);
INSERT INTO `address_book` (`oid_index`, `name`, `addrType`, `fkImsRmtServer`, `fkServerGroup`, `fkRealm`, `fksubrealm`, `fkInternalServer`, `fkiam_rmt_server`) VALUES (10,'10','ADDR_REALM',NULL,NULL,11,NULL,NULL,NULL);
INSERT INTO `address_book` (`oid_index`, `name`, `addrType`, `fkImsRmtServer`, `fkServerGroup`, `fkRealm`, `fksubrealm`, `fkInternalServer`, `fkiam_rmt_server`) VALUES (11,'11','ADDR_REALM',NULL,NULL,3,NULL,NULL,NULL);
INSERT INTO `address_book` (`oid_index`, `name`, `addrType`, `fkImsRmtServer`, `fkServerGroup`, `fkRealm`, `fksubrealm`, `fkInternalServer`, `fkiam_rmt_server`) VALUES (12,'12','ADDR_REALM',NULL,NULL,5,NULL,NULL,NULL);
INSERT INTO `address_book` (`oid_index`, `name`, `addrType`, `fkImsRmtServer`, `fkServerGroup`, `fkRealm`, `fksubrealm`, `fkInternalServer`, `fkiam_rmt_server`) VALUES (13,'13','ADDR_GROUP',NULL,9,NULL,NULL,NULL,NULL);
INSERT INTO `address_book` (`oid_index`, `name`, `addrType`, `fkImsRmtServer`, `fkServerGroup`, `fkRealm`, `fksubrealm`, `fkInternalServer`, `fkiam_rmt_server`) VALUES (14,'14','ADDR_REALM',NULL,NULL,6,NULL,NULL,NULL);
INSERT INTO `address_book` (`oid_index`, `name`, `addrType`, `fkImsRmtServer`, `fkServerGroup`, `fkRealm`, `fksubrealm`, `fkInternalServer`, `fkiam_rmt_server`) VALUES (15,'15','ADDR_RMT_SERVER',45,NULL,NULL,NULL,NULL,NULL);
INSERT INTO `app_service_port` (`oid_index`, `app_type`, `ip_service_type`, `ip_proto_type`, `ip_port_type`, `net_interface_type`, `isServer`, `external_port`, `internal_port`, `port_range`, `weight`, `priority`, `fkfqdn_local`, `fknodeid`, `fkdomain`, `fkrealm`, `fkgroup`) VALUES (0,'APP_TYPE_PCSCF','IP_SERVICE_SIP','IP_PROTO_UDP','IP_PORT_DEFAULT','NET_INTERFACE_GM',1,5060,5060,1,100,1,0,NULL,0,1,0);
INSERT INTO `app_service_port` (`oid_index`, `app_type`, `ip_service_type`, `ip_proto_type`, `ip_port_type`, `net_interface_type`, `isServer`, `external_port`, `internal_port`, `port_range`, `weight`, `priority`, `fkfqdn_local`, `fknodeid`, `fkdomain`, `fkrealm`, `fkgroup`) VALUES (1,'APP_TYPE_PCSCF','IP_SERVICE_SIP','IP_PROTO_TCP','IP_PORT_DEFAULT','NET_INTERFACE_GM',1,5060,5060,1,100,1,0,NULL,0,1,0);
INSERT INTO `app_service_port` (`oid_index`, `app_type`, `ip_service_type`, `ip_proto_type`, `ip_port_type`, `net_interface_type`, `isServer`, `external_port`, `internal_port`, `port_range`, `weight`, `priority`, `fkfqdn_local`, `fknodeid`, `fkdomain`, `fkrealm`, `fkgroup`) VALUES (2,'APP_TYPE_PCSCF','IP_SERVICE_SIP','IP_PROTO_UDP','IP_PORT_DEFAULT','NET_INTERFACE_MW',1,5062,5062,1,100,1,1,NULL,0,2,0);
INSERT INTO `app_service_port` (`oid_index`, `app_type`, `ip_service_type`, `ip_proto_type`, `ip_port_type`, `net_interface_type`, `isServer`, `external_port`, `internal_port`, `port_range`, `weight`, `priority`, `fkfqdn_local`, `fknodeid`, `fkdomain`, `fkrealm`, `fkgroup`) VALUES (3,'APP_TYPE_PCSCF','IP_SERVICE_SIP','IP_PROTO_TCP','IP_PORT_DEFAULT','NET_INTERFACE_MW',1,5062,5062,1,100,1,1,NULL,0,2,0);
INSERT INTO `app_service_port` (`oid_index`, `app_type`, `ip_service_type`, `ip_proto_type`, `ip_port_type`, `net_interface_type`, `isServer`, `external_port`, `internal_port`, `port_range`, `weight`, `priority`, `fkfqdn_local`, `fknodeid`, `fkdomain`, `fkrealm`, `fkgroup`) VALUES (4,'APP_TYPE_PCSCF','IP_SERVICE_SIP','IP_PROTO_TLS','IP_PORT_DEFAULT','NET_INTERFACE_GM',1,5061,5061,1,100,1,0,NULL,0,1,0);
INSERT INTO `app_service_port` (`oid_index`, `app_type`, `ip_service_type`, `ip_proto_type`, `ip_port_type`, `net_interface_type`, `isServer`, `external_port`, `internal_port`, `port_range`, `weight`, `priority`, `fkfqdn_local`, `fknodeid`, `fkdomain`, `fkrealm`, `fkgroup`) VALUES (5,'APP_TYPE_PCSCF','IP_SERVICE_MSRP','IP_PROTO_TCP','IP_PORT_DEFAULT','NET_INTERFACE_GM',1,2001,2001,1,100,1,0,1,0,1,0);
INSERT INTO `app_service_port` (`oid_index`, `app_type`, `ip_service_type`, `ip_proto_type`, `ip_port_type`, `net_interface_type`, `isServer`, `external_port`, `internal_port`, `port_range`, `weight`, `priority`, `fkfqdn_local`, `fknodeid`, `fkdomain`, `fkrealm`, `fkgroup`) VALUES (6,'APP_TYPE_PCSCF','IP_SERVICE_MSRP','IP_PROTO_TCP','IP_PORT_DEFAULT','NET_INTERFACE_GM',0,2101,2101,100,100,1,0,1,0,1,0);
INSERT INTO `app_service_port` (`oid_index`, `app_type`, `ip_service_type`, `ip_proto_type`, `ip_port_type`, `net_interface_type`, `isServer`, `external_port`, `internal_port`, `port_range`, `weight`, `priority`, `fkfqdn_local`, `fknodeid`, `fkdomain`, `fkrealm`, `fkgroup`) VALUES (7,'APP_TYPE_PCSCF','IP_SERVICE_MSRP','IP_PROTO_TLS','IP_PORT_DEFAULT','NET_INTERFACE_GM',0,2201,2201,100,100,1,0,1,0,1,0);
INSERT INTO `app_service_port` (`oid_index`, `app_type`, `ip_service_type`, `ip_proto_type`, `ip_port_type`, `net_interface_type`, `isServer`, `external_port`, `internal_port`, `port_range`, `weight`, `priority`, `fkfqdn_local`, `fknodeid`, `fkdomain`, `fkrealm`, `fkgroup`) VALUES (8,'APP_TYPE_PCSCF','IP_SERVICE_MSRP','IP_PROTO_TLS','IP_PORT_DEFAULT','NET_INTERFACE_GM',1,2301,2301,1,100,1,0,1,0,1,0);
INSERT INTO `app_service_port` (`oid_index`, `app_type`, `ip_service_type`, `ip_proto_type`, `ip_port_type`, `net_interface_type`, `isServer`, `external_port`, `internal_port`, `port_range`, `weight`, `priority`, `fkfqdn_local`, `fknodeid`, `fkdomain`, `fkrealm`, `fkgroup`) VALUES (11,'APP_TYPE_PCSCF','IP_SERVICE_MSRP','IP_PROTO_TCP','IP_PORT_DEFAULT','NET_INTERFACE_MW',1,3001,3001,1,100,1,1,1,0,2,0);
INSERT INTO `app_service_port` (`oid_index`, `app_type`, `ip_service_type`, `ip_proto_type`, `ip_port_type`, `net_interface_type`, `isServer`, `external_port`, `internal_port`, `port_range`, `weight`, `priority`, `fkfqdn_local`, `fknodeid`, `fkdomain`, `fkrealm`, `fkgroup`) VALUES (12,'APP_TYPE_PCSCF','IP_SERVICE_MSRP','IP_PROTO_TCP','IP_PORT_DEFAULT','NET_INTERFACE_MW',0,3101,3101,100,100,1,1,1,0,2,0);
INSERT INTO `app_service_port` (`oid_index`, `app_type`, `ip_service_type`, `ip_proto_type`, `ip_port_type`, `net_interface_type`, `isServer`, `external_port`, `internal_port`, `port_range`, `weight`, `priority`, `fkfqdn_local`, `fknodeid`, `fkdomain`, `fkrealm`, `fkgroup`) VALUES (13,'APP_TYPE_PCSCF','IP_SERVICE_SIP','IP_PROTO_TCP','IP_PORT_DEFAULT','NET_INTERFACE_GM',0,5090,5090,1,100,1,0,NULL,0,1,0);
INSERT INTO `app_service_port` (`oid_index`, `app_type`, `ip_service_type`, `ip_proto_type`, `ip_port_type`, `net_interface_type`, `isServer`, `external_port`, `internal_port`, `port_range`, `weight`, `priority`, `fkfqdn_local`, `fknodeid`, `fkdomain`, `fkrealm`, `fkgroup`) VALUES (14,'APP_TYPE_PCSCF','IP_SERVICE_SIP','IP_PROTO_TCP','IP_PORT_DEFAULT','NET_INTERFACE_MW',0,5091,5091,1,100,1,0,NULL,0,2,0);
INSERT INTO `app_service_port` (`oid_index`, `app_type`, `ip_service_type`, `ip_proto_type`, `ip_port_type`, `net_interface_type`, `isServer`, `external_port`, `internal_port`, `port_range`, `weight`, `priority`, `fkfqdn_local`, `fknodeid`, `fkdomain`, `fkrealm`, `fkgroup`) VALUES (15,'APP_TYPE_PCSCF','IP_SERVICE_RTP','IP_PROTO_UDP','IP_PORT_DEFAULT','NET_INTERFACE_GM',1,10000,10000,100,100,1,2,2,0,1,0);
INSERT INTO `app_service_port` (`oid_index`, `app_type`, `ip_service_type`, `ip_proto_type`, `ip_port_type`, `net_interface_type`, `isServer`, `external_port`, `internal_port`, `port_range`, `weight`, `priority`, `fkfqdn_local`, `fknodeid`, `fkdomain`, `fkrealm`, `fkgroup`) VALUES (16,'APP_TYPE_PCSCF','IP_SERVICE_RTP','IP_PROTO_UDP','IP_PORT_DEFAULT','NET_INTERFACE_MW',1,10000,10000,100,100,1,3,2,0,2,0);
INSERT INTO `app_service_port` (`oid_index`, `app_type`, `ip_service_type`, `ip_proto_type`, `ip_port_type`, `net_interface_type`, `isServer`, `external_port`, `internal_port`, `port_range`, `weight`, `priority`, `fkfqdn_local`, `fknodeid`, `fkdomain`, `fkrealm`, `fkgroup`) VALUES (30,'APP_TYPE_LIGHTYSOAPMGR','IP_SERVICE_HTTP','IP_PROTO_TCP','IP_PORT_DEFAULT','NET_INTERFACE_ANY',1,40001,40001,1,100,1,0,NULL,NULL,1,0);
INSERT INTO `app_service_port` (`oid_index`, `app_type`, `ip_service_type`, `ip_proto_type`, `ip_port_type`, `net_interface_type`, `isServer`, `external_port`, `internal_port`, `port_range`, `weight`, `priority`, `fkfqdn_local`, `fknodeid`, `fkdomain`, `fkrealm`, `fkgroup`) VALUES (31,'APP_TYPE_PCSCF','IP_SERVICE_SIP','IP_PROTO_TLS','IP_PORT_DEFAULT','NET_INTERFACE_GM',1,5062,15062,1,100,1,0,0,0,1,0);
INSERT INTO `app_service_port` (`oid_index`, `app_type`, `ip_service_type`, `ip_proto_type`, `ip_port_type`, `net_interface_type`, `isServer`, `external_port`, `internal_port`, `port_range`, `weight`, `priority`, `fkfqdn_local`, `fknodeid`, `fkdomain`, `fkrealm`, `fkgroup`) VALUES (40,'APP_TYPE_ATCF','IP_SERVICE_SIP','IP_PROTO_UDP','IP_PORT_DEFAULT','NET_INTERFACE_MWMX',1,5755,5755,1,100,1,4,1,0,4,0);
INSERT INTO `app_service_port` (`oid_index`, `app_type`, `ip_service_type`, `ip_proto_type`, `ip_port_type`, `net_interface_type`, `isServer`, `external_port`, `internal_port`, `port_range`, `weight`, `priority`, `fkfqdn_local`, `fknodeid`, `fkdomain`, `fkrealm`, `fkgroup`) VALUES (41,'APP_TYPE_ATCF','IP_SERVICE_SIP','IP_PROTO_TCP','IP_PORT_DEFAULT','NET_INTERFACE_MWMX',0,5776,5776,1,100,1,4,0,0,4,0);
INSERT INTO `app_service_port` (`oid_index`, `app_type`, `ip_service_type`, `ip_proto_type`, `ip_port_type`, `net_interface_type`, `isServer`, `external_port`, `internal_port`, `port_range`, `weight`, `priority`, `fkfqdn_local`, `fknodeid`, `fkdomain`, `fkrealm`, `fkgroup`) VALUES (43,'APP_TYPE_PCSCF','IP_SERVICE_DIAM','IP_PROTO_ANY','IP_PORT_DEFAULT','NET_INTERFACE_ANY',0,0,0,55000,100,1,1,1,NULL,1,NULL);
INSERT INTO `app_service_port` (`oid_index`, `app_type`, `ip_service_type`, `ip_proto_type`, `ip_port_type`, `net_interface_type`, `isServer`, `external_port`, `internal_port`, `port_range`, `weight`, `priority`, `fkfqdn_local`, `fknodeid`, `fkdomain`, `fkrealm`, `fkgroup`) VALUES (44,'APP_TYPE_ATCF','IP_SERVICE_SIP','IP_PROTO_TCP','IP_PORT_DEFAULT','NET_INTERFACE_MWMX',1,5755,5755,1,100,1,4,1,0,4,0);
INSERT INTO `app_service_port` (`oid_index`, `app_type`, `ip_service_type`, `ip_proto_type`, `ip_port_type`, `net_interface_type`, `isServer`, `external_port`, `internal_port`, `port_range`, `weight`, `priority`, `fkfqdn_local`, `fknodeid`, `fkdomain`, `fkrealm`, `fkgroup`) VALUES (45,'APP_TYPE_ATCF','IP_SERVICE_RTP','IP_PROTO_UDP','IP_PORT_DEFAULT','NET_INTERFACE_MWMX',1,11000,11000,100,100,1,3,2,0,4,0);
INSERT INTO `app_service_port` (`oid_index`, `app_type`, `ip_service_type`, `ip_proto_type`, `ip_port_type`, `net_interface_type`, `isServer`, `external_port`, `internal_port`, `port_range`, `weight`, `priority`, `fkfqdn_local`, `fknodeid`, `fkdomain`, `fkrealm`, `fkgroup`) VALUES (46,'APP_TYPE_ATCF','IP_SERVICE_DNS','IP_PROTO_UDP','IP_PORT_DEFAULT','NET_INTERFACE_ANY',0,2610,2610,1,100,1,0,NULL,NULL,4,0);
INSERT INTO `app_service_port` (`oid_index`, `app_type`, `ip_service_type`, `ip_proto_type`, `ip_port_type`, `net_interface_type`, `isServer`, `external_port`, `internal_port`, `port_range`, `weight`, `priority`, `fkfqdn_local`, `fknodeid`, `fkdomain`, `fkrealm`, `fkgroup`) VALUES (50,'APP_TYPE_PCSCF','IP_SERVICE_SIP','IP_PROTO_UDP_OR_TCP','IP_PORT_PROTECTED','NET_INTERFACE_GM',1,6001,6001,10,100,1,0,1,1,1,2);
INSERT INTO `app_service_port` (`oid_index`, `app_type`, `ip_service_type`, `ip_proto_type`, `ip_port_type`, `net_interface_type`, `isServer`, `external_port`, `internal_port`, `port_range`, `weight`, `priority`, `fkfqdn_local`, `fknodeid`, `fkdomain`, `fkrealm`, `fkgroup`) VALUES (51,'APP_TYPE_PCSCF','IP_SERVICE_SIP','IP_PROTO_UDP_OR_TCP','IP_PORT_PROTECTED','NET_INTERFACE_GM',0,6011,6011,10,100,1,0,1,1,1,2);
INSERT INTO `app_service_port` (`oid_index`, `app_type`, `ip_service_type`, `ip_proto_type`, `ip_port_type`, `net_interface_type`, `isServer`, `external_port`, `internal_port`, `port_range`, `weight`, `priority`, `fkfqdn_local`, `fknodeid`, `fkdomain`, `fkrealm`, `fkgroup`) VALUES (52,'APP_TYPE_PCSCF','IP_SERVICE_SIP','IP_PROTO_UDP','IP_PORT_DEFAULT','NET_INTERFACE_GM',1,5060,5060,1,100,1,11,NULL,0,11,0);
INSERT INTO `app_service_port` (`oid_index`, `app_type`, `ip_service_type`, `ip_proto_type`, `ip_port_type`, `net_interface_type`, `isServer`, `external_port`, `internal_port`, `port_range`, `weight`, `priority`, `fkfqdn_local`, `fknodeid`, `fkdomain`, `fkrealm`, `fkgroup`) VALUES (53,'APP_TYPE_PCSCF','IP_SERVICE_SIP','IP_PROTO_TCP','IP_PORT_DEFAULT','NET_INTERFACE_GM',1,5060,5060,1,100,1,11,NULL,0,11,0);
INSERT INTO `app_service_port` (`oid_index`, `app_type`, `ip_service_type`, `ip_proto_type`, `ip_port_type`, `net_interface_type`, `isServer`, `external_port`, `internal_port`, `port_range`, `weight`, `priority`, `fkfqdn_local`, `fknodeid`, `fkdomain`, `fkrealm`, `fkgroup`) VALUES (54,'APP_TYPE_PCSCF','IP_SERVICE_SIP','IP_PROTO_TLS','IP_PORT_DEFAULT','NET_INTERFACE_GM',1,5061,5061,1,100,1,11,NULL,0,11,0);
INSERT INTO `app_service_port` (`oid_index`, `app_type`, `ip_service_type`, `ip_proto_type`, `ip_port_type`, `net_interface_type`, `isServer`, `external_port`, `internal_port`, `port_range`, `weight`, `priority`, `fkfqdn_local`, `fknodeid`, `fkdomain`, `fkrealm`, `fkgroup`) VALUES (56,'APP_TYPE_DIAM','IP_SERVICE_DNS','IP_PROTO_ANY','IP_PORT_DEFAULT','NET_INTERFACE_ANY',0,2558,2558,10,100,1,0,1,0,2,8);
INSERT INTO `app_service_port` (`oid_index`, `app_type`, `ip_service_type`, `ip_proto_type`, `ip_port_type`, `net_interface_type`, `isServer`, `external_port`, `internal_port`, `port_range`, `weight`, `priority`, `fkfqdn_local`, `fknodeid`, `fkdomain`, `fkrealm`, `fkgroup`) VALUES (57,'APP_TYPE_PCSCF','IP_SERVICE_RTP','IP_PROTO_UDP','IP_PORT_DEFAULT','NET_INTERFACE_GM',1,10000,10000,100,100,1,7,2,0,11,0);
INSERT INTO `app_service_port` (`oid_index`, `app_type`, `ip_service_type`, `ip_proto_type`, `ip_port_type`, `net_interface_type`, `isServer`, `external_port`, `internal_port`, `port_range`, `weight`, `priority`, `fkfqdn_local`, `fknodeid`, `fkdomain`, `fkrealm`, `fkgroup`) VALUES (64,'APP_TYPE_PCSCF','IP_SERVICE_MSRP','IP_PROTO_TCP','IP_PORT_DEFAULT','NET_INTERFACE_GM',1,2401,2401,1,100,1,11,1,0,11,0);
INSERT INTO `app_service_port` (`oid_index`, `app_type`, `ip_service_type`, `ip_proto_type`, `ip_port_type`, `net_interface_type`, `isServer`, `external_port`, `internal_port`, `port_range`, `weight`, `priority`, `fkfqdn_local`, `fknodeid`, `fkdomain`, `fkrealm`, `fkgroup`) VALUES (65,'APP_TYPE_PCSCF','IP_SERVICE_MSRP','IP_PROTO_TCP','IP_PORT_DEFAULT','NET_INTERFACE_GM',0,2410,2410,20,100,1,11,1,0,11,0);
INSERT INTO `bandwidthSettings` (`oid_index`, `versionID`, `timeStamp`, `name`, `maxAllowedBandwidthTotal`, `maxAllowedBandwidthPerPeer`, `maxAllowedSustainBandwidthTotal`, `maxAllowedSustainBandwidthPerPeer`, `reserveBandwidthTotal`, `reserveBandwidthPerPeer`) VALUES (0,0,'2015-03-16 07:53:23','bandwidth-default',0,0,1024000,0,0,0);
INSERT INTO `bladePorts` (`oid_index`, `cardType`, `name`, `portType`, `isCritical`, `extIpAddr`, `ethName`) VALUES (0,'RM','RM','BLADE_PORT_TYPE_GW','TRUE','10.1.13.65','fpeth1');
INSERT INTO `bladePorts` (`oid_index`, `cardType`, `name`, `portType`, `isCritical`, `extIpAddr`, `ethName`) VALUES (1,'MP','MP','BLADE_PORT_TYPE_GW','TRUE','10.1.13.66','fpeth1');
INSERT INTO `bladePorts` (`oid_index`, `cardType`, `name`, `portType`, `isCritical`, `extIpAddr`, `ethName`) VALUES (2,'RM','RMipv6','BLADE_PORT_TYPE_GW','TRUE','fcff:1:13::65','fpeth1');
INSERT INTO `call_trace_config` (`oid_index`, `versionID`, `timeStamp`, `trace_file_size`, `file_save_days`, `max_active_trace_criteria`, `trace_file_path`) VALUES (0,0,'2015-06-30 10:56:23',2048,7,5,'/data/redun/trace/');
INSERT INTO `call_trace_id` (`oid_index`, `versionID`, `timeStamp`, `status`, `subscriber`, `startTime`, `stopTime`, `description`) VALUES (0,0,'2015-06-30 10:58:19','TRACE_STATUS_ENABLED','18898710116','2015-06-04 12:00:00','2015-08-18 12:00:00',NULL);
INSERT INTO `call_trace_user` (`oid_index`, `versionID`, `timeStamp`, `keyType`, `keyValue`, `role`, `fkcall_trace_id`, `startTime`, `stopTime`, `enabled`, `status`) VALUES (0,0,'2015-06-30 11:02:20','TRACE_USER_TYPE_IMPU','sip:18898710116@sha-st.mavenir.com','TRACE_ROLE_ALL',0,'2015-06-02 12:00:00','2015-07-17 12:00:00','TRUE','TRACE_USER_INACTIVE');
INSERT INTO `ccsRouteSettings` (`oid_index`, `versionID`, `timeStamp`, `app_type`, `scenario_type`, `fkTransRouting`) VALUES (0,0,'2015-08-20 08:04:48','APP_TYPE_PCSCF','SCENARIO_MO',0);
INSERT INTO `ccsRouteSettings` (`oid_index`, `versionID`, `timeStamp`, `app_type`, `scenario_type`, `fkTransRouting`) VALUES (1,0,'2015-04-21 10:19:13','APP_TYPE_PCSCF','SCENARIO_MT',1);
INSERT INTO `ccsRouteSettings` (`oid_index`, `versionID`, `timeStamp`, `app_type`, `scenario_type`, `fkTransRouting`) VALUES (2,0,'2015-04-21 10:19:13','APP_TYPE_ATCF','SCENARIO_MO',2);
INSERT INTO `ccsRouteSettings` (`oid_index`, `versionID`, `timeStamp`, `app_type`, `scenario_type`, `fkTransRouting`) VALUES (3,0,'2015-04-21 10:19:14','APP_TYPE_ATCF','SCENARIO_MT',3);
INSERT INTO `ccsSettings` (`oid_index`, `forkPolicy`, `forceFwdInvUpd`, `localReplyBye`, `localReplyOtherInCallReq`, `localAckErrorRsp`, `optimizeInternalMediaLink`, `optimizeORmsGroupMediaLink`, `optimizeTRmsGroupMediaLink`, `checkConvContId`, `localRespondCancel`, `setRouteToIcscf`, `usingPsiForGroup`, `mustBeNoRefSub`, `handleMgRefreshEvent`, `handleMgTerminateEvent`, `rejectNonToMeRequest`, `noRouteAllowedForNonInitReq`, `keepRouteToExtGroup`, `addRouteToGroupInst`, `postDetailStateForDelete`, `checkGrpFileTransferSdp`, `allowRejectedUserRejoin`, `allowSubReferJoinForNonSession`, `checkPrivacyForAnonymous`, `replyByeOnGracefulClearing`, `refreshOTimerOnGraceful`, `allowNonRegPriorAtReg`, `relay481AtTRms`, `resendInvOn481AtGrp4Replaces`, `recordCdrForParticipant`, `recordCdrForNonInv`, `enableLdap`, `carryLdapInfoInSdp`, `refreshNonInMediaPart`, `replyProRspWhenWaiting`, `refreshInternalTimerWhenWaiting`, `setContactForLocalCreatedProvRsp`, `mustTryMobileClientOnAnyError`, `waitForkRspRcptByeAtOSide`, `waitForkRspRcptByeAtGroup`, `waitForkRspRcptByeAtTSide`, `notClearExtraFixDevice`, `notClearExtraMobileOrIw`, `clearCallOnConnError`, `bypassTSideEvenInMediaPath`, `setUserPhoneAtOSideForLoopback`, `recordSipTrlForIw`, `clearCallWhenInternalLmFtDone`, `proxyModeWhenONotInPath`, `keepPeerContactForGroupMode`, `keepPeerContactFor1To1Mode`, `actAsForkingFocus`, `internalTimerMargin`, `ctxRecoveryRate`, `ctxRecoveryTimer`, `internalPendingRspCode`, `profileGuardTimer`, `devAuditTimer`, `devRefrTimer`, `cpmUserAgent`, `imUserAgent`, `acceptTypes`, `acceptWrappedTypes`, `rtpRedundancyEnabled`, `clearCallOnInvalidRtpPacket`, `clearCallOnInternalLoopError`, `dynamicConfig`, `useOneConnForMultiMedia`, `forceReleaseCallSessionWhenTimeOut`, `isMediaSplitOn`, `cacheOnSdpNegConflictAtMO`, `cacheOnSdpNegConflictAtMT`, `cacheOnSdpNegConflictAtGrp`, `updateMediaForOfferWhenSdpNotChange`, `enableCdrReplication`, `useThrottMgr`) VALUES (0,'CCS_ACCEPT_ALL_FORKED_CALL','TRUE','FALSE','FALSE','TRUE','TRUE','TRUE','FALSE','FALSE','TRUE','TRUE','FALSE','FALSE','FALSE','TRUE','FALSE','TRUE','TRUE','FALSE','TRUE','TRUE','TRUE','FALSE','TRUE','TRUE','TRUE','FALSE','TRUE','TRUE','FALSE','FALSE','TRUE','TRUE','TRUE','FALSE','TRUE','TRUE','TRUE','FALSE','FALSE','FALSE','FALSE','FALSE','TRUE','FALSE','FALSE','TRUE','TRUE','TRUE','TRUE','TRUE','TRUE',50,1000,500,101,5,5,3600,'CPM-serv/OMA1.0 Mavenir Rms/v7.6','IM-serv/OMA1.0 Mavenir Rms/v7.6','message/cpim text/plain *','*','TRUE','TRUE','FALSE','','TRUE','FALSE','FALSE','TRUE','TRUE','TRUE','FALSE','FALSE','TRUE');
INSERT INTO `cdrCPMMMS` (`oid_index`, `path`, `NumberOfCDRFiles`, `NumberOfBackFiles`, `NumberOfDataBlock`, `SizeOfDataBlock`, `TimeZone`, `HeaderSize`, `ReservedTimeForCCB`, `FetchTimerForCCB`) VALUES (0,'/cdr/mms/',9999,9999,1,1200,0,10,59,5);
INSERT INTO `cdrGenerate` (`oid_index`, `cdrfile`, `cdrGenerate`) VALUES (0,'UAG_CDR','GENERATE');
INSERT INTO `cdrlgr` (`oid_index`, `cdr_aging_window`, `trl_aging_window`, `nice_time`, `filesize_max`, `hold_lifetime`, `fflush_timer`, `cdr_path`, `mms_cdr_path`, `cdr_cm_sum_path`, `trl_path`, `maxNumCdrInFile`, `maxDirSize`, `closureType`, `privateInfo`, `fileExt`, `confFileBasedDel`, `cDRGzipOperationSupportRequired`, `scanConFilePeriod`, `fkext_ip`) VALUES (0,7,90,0,50,20,5,'/data/redun/cdr/asn1','/data/redun/cdr/asn1','/data/redun/cdr/asn1/CMSummary','/data/redun/cdr/trl',10000,50,'DISK_FULL','rcseim','cdr','FALSE','FALSE',60,NULL);
INSERT INTO `clientInfo` (`oid_index`, `nameInUserAgent`) VALUES (0,'ANY');
INSERT INTO `codec` (`oid_index`, `versionID`, `timeStamp`, `codectype`, `payloadtype`, `codecname`, `samplerate`, `bitrate`, `parameter`, `bandwidth`, `fmtp`, `restrictModeSet`) VALUES (0,0,'2015-05-06 06:25:46','UAGVIDEO',103,'VP8','90000',0,NULL,500000,NULL,'FALSE');
INSERT INTO `codec` (`oid_index`, `versionID`, `timeStamp`, `codectype`, `payloadtype`, `codecname`, `samplerate`, `bitrate`, `parameter`, `bandwidth`, `fmtp`, `restrictModeSet`) VALUES (1,0,'2015-05-06 06:25:46','UAGVIDEO',99,'H264','90000',0,NULL,500000,NULL,'FALSE');
INSERT INTO `codec` (`oid_index`, `versionID`, `timeStamp`, `codectype`, `payloadtype`, `codecname`, `samplerate`, `bitrate`, `parameter`, `bandwidth`, `fmtp`, `restrictModeSet`) VALUES (2,0,'2015-05-06 06:25:46','UAGAUDIO',0,'PCMU','8000',0,NULL,50000,NULL,'FALSE');
INSERT INTO `codec` (`oid_index`, `versionID`, `timeStamp`, `codectype`, `payloadtype`, `codecname`, `samplerate`, `bitrate`, `parameter`, `bandwidth`, `fmtp`, `restrictModeSet`) VALUES (3,0,'2015-05-06 06:25:46','UAGAUDIO',8,'PCMA','8000',0,NULL,50000,NULL,'FALSE');
INSERT INTO `codec` (`oid_index`, `versionID`, `timeStamp`, `codectype`, `payloadtype`, `codecname`, `samplerate`, `bitrate`, `parameter`, `bandwidth`, `fmtp`, `restrictModeSet`) VALUES (4,0,'2015-06-10 07:35:17','UAGAUDIO',96,'AMR','8000',0,NULL,50000,NULL,'FALSE');
INSERT INTO `codec` (`oid_index`, `versionID`, `timeStamp`, `codectype`, `payloadtype`, `codecname`, `samplerate`, `bitrate`, `parameter`, `bandwidth`, `fmtp`, `restrictModeSet`) VALUES (5,0,'2015-06-10 07:35:19','UAGAUDIO',98,'AMR-WB','16000',0,NULL,50000,NULL,'FALSE');
INSERT INTO `codec` (`oid_index`, `versionID`, `timeStamp`, `codectype`, `payloadtype`, `codecname`, `samplerate`, `bitrate`, `parameter`, `bandwidth`, `fmtp`, `restrictModeSet`) VALUES (6,0,'2015-05-06 06:25:46','UAGAUDIO',18,'G729','8000',0,NULL,50000,'annexb=no','FALSE');
INSERT INTO `codec` (`oid_index`, `versionID`, `timeStamp`, `codectype`, `payloadtype`, `codecname`, `samplerate`, `bitrate`, `parameter`, `bandwidth`, `fmtp`, `restrictModeSet`) VALUES (7,0,'2015-05-06 06:25:46','UAGAUDIO',111,'G726-16','8000',0,NULL,50000,NULL,'FALSE');
INSERT INTO `codec` (`oid_index`, `versionID`, `timeStamp`, `codectype`, `payloadtype`, `codecname`, `samplerate`, `bitrate`, `parameter`, `bandwidth`, `fmtp`, `restrictModeSet`) VALUES (8,0,'2015-05-06 06:25:46','UAGAUDIO',112,'G726-24','8000',0,NULL,50000,NULL,'FALSE');
INSERT INTO `codec` (`oid_index`, `versionID`, `timeStamp`, `codectype`, `payloadtype`, `codecname`, `samplerate`, `bitrate`, `parameter`, `bandwidth`, `fmtp`, `restrictModeSet`) VALUES (9,0,'2015-05-06 06:25:46','UAGAUDIO',113,'G726-32','8000',0,NULL,50000,NULL,'FALSE');
INSERT INTO `codec` (`oid_index`, `versionID`, `timeStamp`, `codectype`, `payloadtype`, `codecname`, `samplerate`, `bitrate`, `parameter`, `bandwidth`, `fmtp`, `restrictModeSet`) VALUES (10,0,'2015-05-06 06:25:46','UAGAUDIO',114,'G726-40','8000',0,NULL,50000,NULL,'FALSE');
INSERT INTO `codec` (`oid_index`, `versionID`, `timeStamp`, `codectype`, `payloadtype`, `codecname`, `samplerate`, `bitrate`, `parameter`, `bandwidth`, `fmtp`, `restrictModeSet`) VALUES (11,0,'2015-06-10 07:35:43','UAGAUDIO',100,'AMR','8000',0,NULL,50000,'octet-align=1','FALSE');
INSERT INTO `codec` (`oid_index`, `versionID`, `timeStamp`, `codectype`, `payloadtype`, `codecname`, `samplerate`, `bitrate`, `parameter`, `bandwidth`, `fmtp`, `restrictModeSet`) VALUES (12,0,'2015-06-10 07:35:59','UAGAUDIO',104,'AMR-WB','16000',0,NULL,50000,'octet-align=1','FALSE');
INSERT INTO `codec` (`oid_index`, `versionID`, `timeStamp`, `codectype`, `payloadtype`, `codecname`, `samplerate`, `bitrate`, `parameter`, `bandwidth`, `fmtp`, `restrictModeSet`) VALUES (13,0,'2015-06-10 07:37:14','UAGAUDIO',100,'AMR','8000',0,NULL,50000,'mode-set=0,1,2','FALSE');
INSERT INTO `codec` (`oid_index`, `versionID`, `timeStamp`, `codectype`, `payloadtype`, `codecname`, `samplerate`, `bitrate`, `parameter`, `bandwidth`, `fmtp`, `restrictModeSet`) VALUES (14,0,'2015-06-10 07:37:14','UAGAUDIO',101,'AMR-WB','8000',0,NULL,50000,'mode-set=0,1,2','FALSE');
INSERT INTO `component` (`oid_index`, `name`, `type`, `serial_nbr`, `part_nbr`, `admin_state`, `service_state`, `keepAlive`, `domain_name_suffix`, `slot`, `fkshelf`, `fkprot_grp`) VALUES (0,'ADM-a','AM','3456','1234','UNLOCKED','EQUIP',10,'mavenir1.com',1,1,0);
INSERT INTO `component` (`oid_index`, `name`, `type`, `serial_nbr`, `part_nbr`, `admin_state`, `service_state`, `keepAlive`, `domain_name_suffix`, `slot`, `fkshelf`, `fkprot_grp`) VALUES (1,'CE-a','CE','3456','1234','UNLOCKED','EQUIP',10,'mavenir1.com',2,1,1);
INSERT INTO `component` (`oid_index`, `name`, `type`, `serial_nbr`, `part_nbr`, `admin_state`, `service_state`, `keepAlive`, `domain_name_suffix`, `slot`, `fkshelf`, `fkprot_grp`) VALUES (2,'MP-a','MP','3456','1234','UNLOCKED','EQUIP',10,'mavenir1.com',13,1,2);
INSERT INTO `component` (`oid_index`, `name`, `type`, `serial_nbr`, `part_nbr`, `admin_state`, `service_state`, `keepAlive`, `domain_name_suffix`, `slot`, `fkshelf`, `fkprot_grp`) VALUES (3,'TC_a','TCMGR','3456','1234','UNLOCKED','EQUIP',10,'mavenir1.com',3,1,3);
INSERT INTO `component` (`oid_index`, `name`, `type`, `serial_nbr`, `part_nbr`, `admin_state`, `service_state`, `keepAlive`, `domain_name_suffix`, `slot`, `fkshelf`, `fkprot_grp`) VALUES (5,'DM-a','DM','3456','1234','UNLOCKED','EQUIP',10,'mavenir1.com',14,1,5);
INSERT INTO `component` (`oid_index`, `name`, `type`, `serial_nbr`, `part_nbr`, `admin_state`, `service_state`, `keepAlive`, `domain_name_suffix`, `slot`, `fkshelf`, `fkprot_grp`) VALUES (6,'RM-a','RM','3456','1234','UNLOCKED','EQUIP',10,'mavenir1.com',20,1,4);
INSERT INTO `component` (`oid_index`, `name`, `type`, `serial_nbr`, `part_nbr`, `admin_state`, `service_state`, `keepAlive`, `domain_name_suffix`, `slot`, `fkshelf`, `fkprot_grp`) VALUES (7,'TC_b','TCMGR','3456','1234','UNLOCKED','EQUIP',10,'mavenir1.com',12,1,3);
INSERT INTO `contact` (`oid_index`, `name`, `address`, `phone`, `pager`) VALUES (0,'Mavenir',NULL,'214-616-3499',NULL);
INSERT INTO `correlationId` (`oid_index`, `correlationId`) VALUES (0,3701);
INSERT INTO `counterPeer` (`oid_index`, `appType`, `allowCustomPeer`, `moduleName`, `legType`, `peerAddress`, `peerLevel`, `systemId`, `accessType`, `netIntfType`) VALUES (0,'APP_TYPE_ATCF','TRUE','TRUE','FALSE','FALSE','1,2','atcf','FALSE','FALSE');
INSERT INTO `counterPeer` (`oid_index`, `appType`, `allowCustomPeer`, `moduleName`, `legType`, `peerAddress`, `peerLevel`, `systemId`, `accessType`, `netIntfType`) VALUES (1,'APP_TYPE_PCSCF','TRUE','TRUE','FALSE','FALSE','1,2','pcscf','FALSE','FALSE');
INSERT INTO `criticalPGSet` (`oid_index`, `minAM`, `minCE`, `minPE`, `minSI`, `minDBStore`, `minGEO`) VALUES (0,1,0,0,0,0,0);
INSERT INTO `diam_app` (`oid_index`, `app_type`, `nodeType`, `transpType`, `product_name`, `nmbWorkerThrds`, `failover`, `server_security_type`) VALUES (0,'APP_TYPE_PCSCF','DIAM_CLIENT','DIAM_TCP_IPV6','mOne_UAG',0,0,'DIAM_NO_SECU');
INSERT INTO `diam_app_intf` (`oid_index`, `fkdiam_app`, `application`) VALUES (2,0,'DIAM_RF_TGPP');
INSERT INTO `diam_app_intf` (`oid_index`, `fkdiam_app`, `application`) VALUES (1,0,'DIAM_RX');
INSERT INTO `diam_app_intf_peer_map` (`oid_index`, `fkdiam_app_intf`, `fkims_rmt_diam_peer`) VALUES (0,1,0);
INSERT INTO `diam_global` (`oid_index`, `tWatchDogTmr`, `tBurstBrkTmr`, `tPeerStateTmr`, `tReconnTmr`, `tPeerDscTmr`, `maxConnRetry`, `nmbBurstCnt`, `stackLog`, `ipBind`, `vendorId`, `firmRev`, `fksctpGeneral`) VALUES (0,30,30,30,1,30,3,100,1,0,25979,1,NULL);
INSERT INTO `diam_port` (`oid_index`, `fkprot_grp_diam_app_map`, `fkims_rmt_diam_peer`, `port`) VALUES (0,0,0,56000);
INSERT INTO `diam_realm` (`oid_index`, `realm_name`, `fkrealm`) VALUES (0,'sha-it.mavenir.com',2);
INSERT INTO `diam_realm` (`oid_index`, `realm_name`, `fkrealm`) VALUES (1,'ims.test.t-mobile.de',2);
INSERT INTO `dnsServer` (`oid_index`, `serverName`, `domainName`, `fkrealm`, `extIpAddr`, `extPort`, `protoType`, `nodeType`, `prefType`, `numRetry`, `retryTimePeriod`, `TcpKeepAliveTimer`, `startTcpSrcPort`, `TcpSrcPortRange`, `maintainServerStatusEnabled`, `consecutiveTimeoutThreshold`, `resetPeriodicServerStatusEnabled`, `resetServerStatusTimePeriod`) VALUES (0,'No name','sha-st.mavenir.com',NULL,'172.16.33.41',53,'DNS_TRANSPORT_UDP','DNS_DB','DNS_PRIMARY',3,5,20,27000,100,'FALSE',15,'FALSE',10);
INSERT INTO `dnsServer` (`oid_index`, `serverName`, `domainName`, `fkrealm`, `extIpAddr`, `extPort`, `protoType`, `nodeType`, `prefType`, `numRetry`, `retryTimePeriod`, `TcpKeepAliveTimer`, `startTcpSrcPort`, `TcpSrcPortRange`, `maintainServerStatusEnabled`, `consecutiveTimeoutThreshold`, `resetPeriodicServerStatusEnabled`, `resetServerStatusTimePeriod`) VALUES (1,'No name','sha-st.mavenir.com.e164.arpa',NULL,'172.16.33.41',53,'DNS_TRANSPORT_UDP','DNS_DB','DNS_PRIMARY',3,5,20,27000,100,'FALSE',15,'FALSE',10);
INSERT INTO `dnsServer` (`oid_index`, `serverName`, `domainName`, `fkrealm`, `extIpAddr`, `extPort`, `protoType`, `nodeType`, `prefType`, `numRetry`, `retryTimePeriod`, `TcpKeepAliveTimer`, `startTcpSrcPort`, `TcpSrcPortRange`, `maintainServerStatusEnabled`, `consecutiveTimeoutThreshold`, `resetPeriodicServerStatusEnabled`, `resetServerStatusTimePeriod`) VALUES (2,'No name','sha-it.mavenir.com',NULL,'172.16.33.41',53,'DNS_TRANSPORT_UDP','DNS_DB','DNS_PRIMARY',3,5,20,27000,100,'FALSE',15,'FALSE',10);
INSERT INTO `dnsServer` (`oid_index`, `serverName`, `domainName`, `fkrealm`, `extIpAddr`, `extPort`, `protoType`, `nodeType`, `prefType`, `numRetry`, `retryTimePeriod`, `TcpKeepAliveTimer`, `startTcpSrcPort`, `TcpSrcPortRange`, `maintainServerStatusEnabled`, `consecutiveTimeoutThreshold`, `resetPeriodicServerStatusEnabled`, `resetServerStatusTimePeriod`) VALUES (3,'No name','pcscf1.sha-st.mavenir.com',NULL,'172.16.33.41',53,'DNS_TRANSPORT_UDP','DNS_DB','DNS_PRIMARY',3,5,20,27000,100,'FALSE',15,'FALSE',10);
INSERT INTO `dnsServer` (`oid_index`, `serverName`, `domainName`, `fkrealm`, `extIpAddr`, `extPort`, `protoType`, `nodeType`, `prefType`, `numRetry`, `retryTimePeriod`, `TcpKeepAliveTimer`, `startTcpSrcPort`, `TcpSrcPortRange`, `maintainServerStatusEnabled`, `consecutiveTimeoutThreshold`, `resetPeriodicServerStatusEnabled`, `resetServerStatusTimePeriod`) VALUES (4,'No name','mavenir.com',NULL,'172.16.33.41',53,'DNS_TRANSPORT_UDP','DNS_DB','DNS_PRIMARY',3,5,20,27000,100,'FALSE',15,'FALSE',10);
INSERT INTO `dnsServer` (`oid_index`, `serverName`, `domainName`, `fkrealm`, `extIpAddr`, `extPort`, `protoType`, `nodeType`, `prefType`, `numRetry`, `retryTimePeriod`, `TcpKeepAliveTimer`, `startTcpSrcPort`, `TcpSrcPortRange`, `maintainServerStatusEnabled`, `consecutiveTimeoutThreshold`, `resetPeriodicServerStatusEnabled`, `resetServerStatusTimePeriod`) VALUES (5,'No name','v-sha-st.mavenir.com',NULL,'172.16.33.41',53,'DNS_TRANSPORT_UDP','DNS_DB','DNS_PRIMARY',3,5,20,27000,100,'FALSE',15,'FALSE',10);
INSERT INTO `dnsServer` (`oid_index`, `serverName`, `domainName`, `fkrealm`, `extIpAddr`, `extPort`, `protoType`, `nodeType`, `prefType`, `numRetry`, `retryTimePeriod`, `TcpKeepAliveTimer`, `startTcpSrcPort`, `TcpSrcPortRange`, `maintainServerStatusEnabled`, `consecutiveTimeoutThreshold`, `resetPeriodicServerStatusEnabled`, `resetServerStatusTimePeriod`) VALUES (6,'No name','dls.mavenir.lab',NULL,'172.16.33.41',53,'DNS_TRANSPORT_UDP','DNS_DB','DNS_PRIMARY',3,5,20,27000,100,'FALSE',15,'FALSE',10);
INSERT INTO `dnsServer` (`oid_index`, `serverName`, `domainName`, `fkrealm`, `extIpAddr`, `extPort`, `protoType`, `nodeType`, `prefType`, `numRetry`, `retryTimePeriod`, `TcpKeepAliveTimer`, `startTcpSrcPort`, `TcpSrcPortRange`, `maintainServerStatusEnabled`, `consecutiveTimeoutThreshold`, `resetPeriodicServerStatusEnabled`, `resetServerStatusTimePeriod`) VALUES (7,'No name','sha-it-ipv6.mavenir.com',NULL,'172.16.33.41',53,'DNS_TRANSPORT_UDP','DNS_DB','DNS_PRIMARY',3,5,20,27000,100,'FALSE',15,'FALSE',10);
INSERT INTO `domainList` (`oid_index`, `versionID`, `timeStamp`, `domainName`) VALUES (0,0,'2015-03-16 07:53:16','sha-st.mavenir.com');
INSERT INTO `domainList` (`oid_index`, `versionID`, `timeStamp`, `domainName`) VALUES (1,0,'2015-03-16 07:53:16','visit-sha-it.mavenir.com');
INSERT INTO `domainList` (`oid_index`, `versionID`, `timeStamp`, `domainName`) VALUES (2,0,'2015-03-16 07:53:16','sha-it.mavenir.com');
INSERT INTO `domainList` (`oid_index`, `versionID`, `timeStamp`, `domainName`) VALUES (3,0,'2015-03-16 07:53:16','v-sha-it.mavenir.com');
INSERT INTO `dpBladeMonExtIp` (`oid_index`, `itfName`, `extIpAddr`, `versionID`, `timeStamp`) VALUES (0,'fpeth1','10.1.13.1',0,'2015-05-27 06:07:42');
INSERT INTO `dpBladeMonExtIp` (`oid_index`, `itfName`, `extIpAddr`, `versionID`, `timeStamp`) VALUES (1,'fpeth1','10.1.13.1',0,'2015-05-27 06:07:45');
INSERT INTO `dpBladeMonExtIp` (`oid_index`, `itfName`, `extIpAddr`, `versionID`, `timeStamp`) VALUES (2,'fpeth1','fcff:1:13::1',0,'2015-05-27 06:08:02');
INSERT INTO `dpBladeMonExtIpProtGrpMap` (`oid_index`, `fkdpBladeMonExtIp`, `fkprot_grp`) VALUES (0,0,4);
INSERT INTO `dpBladeMonExtIpProtGrpMap` (`oid_index`, `fkdpBladeMonExtIp`, `fkprot_grp`) VALUES (1,1,2);
INSERT INTO `dpBladeMonExtIpProtGrpMap` (`oid_index`, `fkdpBladeMonExtIp`, `fkprot_grp`) VALUES (2,2,4);
INSERT INTO `dpConfig` (`oid_index`, `compType`, `configXml`, `isApplied`, `errorInfo`, `versionID`, `timeStamp`) VALUES (0,'UNKNOWN_CARD_TYPE','<?xml version=\"1.0\"?>\n<configuration>\n<system>\n    <hostname>router</hostname>\n  </system>\n  <ports>\n    <bridge-port>\n      <name>bnet_sig</name>\n      <binding>\n        <vlan-tag>26</vlan-tag>\n        <ethernet-port>fpeth4</ethernet-port>\n      </binding>\n    </bridge-port>\n    <bridge-port>\n      <name>bnet_med</name>\n      <binding>\n        <vlan-tag>30</vlan-tag>\n        <ethernet-port>fpeth4</ethernet-port>\n      </binding>\n    </bridge-port>\n  </ports>\n</configuration>','FALSE','',0,'2016-02-14 16:22:52');
INSERT INTO `dpMgrOcteon` (`oid_index`, `compType`, `startup_params`, `initialGARPDelayTime`, `initialGARPCount`, `refreshGARPInterval`, `refreshGARPMaxCount`) VALUES (0,'DM','fp_mask=-m0xff dpvi_mask=0x200 -S0=4096 fp_opts=--nb-mbuf=131072,-tc0=0:1/c1=0:1/c2=0:1/c3=0:1/c4=0:1/c5=0:1/c6=0:1/c7=0:1 ',200,4,1,600);
INSERT INTO `dpMgrOcteon` (`oid_index`, `compType`, `startup_params`, `initialGARPDelayTime`, `initialGARPCount`, `refreshGARPInterval`, `refreshGARPMaxCount`) VALUES (1,'MP','fp_mask=-m0xff dpvi_mask=0x200 -S0=4096 fp_opts=--nb-mbuf=131072,-tc0=0:1/c1=0:1/c2=0:1/c3=0:1/c4=0:1/c5=0:1/c6=0:1/c7=0:1 ',200,4,1,600);
INSERT INTO `dpMgrOcteon` (`oid_index`, `compType`, `startup_params`, `initialGARPDelayTime`, `initialGARPCount`, `refreshGARPInterval`, `refreshGARPMaxCount`) VALUES (2,'RM','fp_mask=-m0xff dpvi_mask=0x200 -S0=4096 fp_opts=--nb-mbuf=131072,-tc0=0:1/c1=0:1/c2=0:1/c3=0:1/c4=0:1/c5=0:1/c6=0:1/c7=0:1 ',200,4,1,600);
INSERT INTO `dpPhysicalPortOcteon` (`oid_index`, `name`, `type`, `isInFastPath`, `speed`, `autoNegotiation`, `mtu`) VALUES (0,'fpeth0','DP_PORT_TYPE_MGMT_OCTEON','FALSE',1000,'TRUE',1500);
INSERT INTO `dpPhysicalPortOcteon` (`oid_index`, `name`, `type`, `isInFastPath`, `speed`, `autoNegotiation`, `mtu`) VALUES (1,'fpeth1','DP_PORT_TYPE_MEDIA_OCTEON','TRUE',1000,'TRUE',1500);
INSERT INTO `dpPhysicalPortOcteon` (`oid_index`, `name`, `type`, `isInFastPath`, `speed`, `autoNegotiation`, `mtu`) VALUES (2,'fpeth2','DP_PORT_TYPE_MEDIA_OCTEON','TRUE',1000,'TRUE',1500);
INSERT INTO `dpPrograms` (`oid_index`, `name`, `type`, `execType`, `keepAliveMaxRetry`, `keepAliveInterval`, `versionID`, `timeStamp`) VALUES (0,'cmgrd','DP_DAEMON_STATIC','DP_CRITICALITY_LEVEL_NONCRITICAL',3,3,0,'2015-03-16 07:53:18');
INSERT INTO `dpPrograms` (`oid_index`, `name`, `type`, `execType`, `keepAliveMaxRetry`, `keepAliveInterval`, `versionID`, `timeStamp`) VALUES (1,'fpmd','DP_DAEMON_STATIC','DP_CRITICALITY_LEVEL_NONCRITICAL',3,3,0,'2015-03-16 07:53:18');
INSERT INTO `dpPrograms` (`oid_index`, `name`, `type`, `execType`, `keepAliveMaxRetry`, `keepAliveInterval`, `versionID`, `timeStamp`) VALUES (2,'xmsd','DP_DAEMON_STATIC','DP_CRITICALITY_LEVEL_NONCRITICAL',3,3,0,'2015-03-16 07:53:18');
INSERT INTO `dpPrograms` (`oid_index`, `name`, `type`, `execType`, `keepAliveMaxRetry`, `keepAliveInterval`, `versionID`, `timeStamp`) VALUES (3,'zebra','DP_DAEMON_DYNAMIC','DP_CRITICALITY_LEVEL_NONCRITICAL',3,3,0,'2015-03-16 07:53:18');
INSERT INTO `dpPrograms` (`oid_index`, `name`, `type`, `execType`, `keepAliveMaxRetry`, `keepAliveInterval`, `versionID`, `timeStamp`) VALUES (4,'ifflagsd','DP_DAEMON_DYNAMIC','DP_CRITICALITY_LEVEL_NONCRITICAL',3,3,0,'2015-03-16 07:53:18');
INSERT INTO `dscp_tos_mapping` (`oid_index`, `dscpValue`, `tosValue`, `versionID`, `timeStamp`) VALUES (0,0,0,0,'2015-03-16 07:53:22');
INSERT INTO `ecscf` (`oid_index`, `ecscfAccessUri`, `ecscfEatfUri`, `privacyServiceControl`, `type2IOI`, `type3IOI`, `allowLocationInsertion`, `maxMgcfRedirectNum`, `maxRoutingDuration`, `enableCPC`, `defaultPSAPUri`, `ccfAddrMode`, `minInviteSessionRefresh`, `defaultInviteSessionRefresh`, `newIPRetryDuration`, `huntingTimer`, `longCallCdrTimer`, `enableRerouting`, `allowSubscription`, `insertRRhdr`, `normalizeToAndFrom`, `allowAnonymousCallWithoutIdentity`, `defaultCallBackNumber`, `fqdnForNonDialable`, `versionID`, `timeStamp`) VALUES (0,'sip:ecscf42.sha-st.mavenir.com',NULL,1,'2-ioi','3-ioi',1,1,300,0,'sip:mgcf.sha-st.mavenir.com','LOCAL_CCF',30,1800,16,16,1200,'TRUE','FALSE','TRUE','DISABLED','TRUE',NULL,NULL,0,'2016-02-14 16:43:56');
INSERT INTO `ecscfAcrTriggerConfig` (`oid_index`, `enableSIP200OKInvite`, `enableSIP200OKACK`, `enableSIP200OKACKReinviteUpdate`, `enableSIPCancelInvite`, `enableSIP4xx5xx6xxSessionRelated`, `enableSIP3xx`, `versionID`, `timeStamp`) VALUES (0,'TRUE','TRUE','TRUE','TRUE','TRUE','TRUE',0,'2015-04-14 09:16:40');
INSERT INTO `ecscfRfAvpList` (`oid_index`, `enableAcctApplicationId`, `enableUserName`, `enableEventTimestamp`, `enableServiceContextId`, `enableServiceInformation`, `enableIMSInformation`, `enableEventType`, `enableRoleOfNode`, `enableNodeFunctionality`, `enableUserSessionId`, `enableCallingPartyAddress`, `enableCalledPartyAddress`, `enableCalledAssertedIdentity`, `enableRequestedPartyAddress`, `enableIMSEmergencyIndicator`, `enableSIPRequestTimestamp`, `enableSIPRequestTimestampFraction`, `enableSIPResponseTimestamp`, `enableSIPResponseTimestampFraction`, `enableApplicationServerInformation`, `enableIMSCommunicationServiceIdentifier`, `enableInterOperatorIdentifier`, `enableIMSChargingIdentifier`, `enableEarlyMediaDescription`, `enableSDPSessionDescription`, `enableSDPMediaComponent`, `enableCauseCode`, `enableMessageBody`, `enableAccessNetworkInformation`, `enableVisitedNetworkIdentifier`, `enableMavenirCSCFExtension`, `enableDisconnectingParty`, `enableServedIMEISV`, `enableChargingFunctionAddress`, `enableLastKnownPANI`, `enableInternalCauseCode`, `enableContactHeaderParam`, `versionID`, `timeStamp`) VALUES (0,'TRUE','TRUE','TRUE','TRUE','TRUE','TRUE','TRUE','TRUE','TRUE','TRUE','TRUE','TRUE','TRUE','TRUE','TRUE','TRUE','TRUE','TRUE','TRUE','TRUE','TRUE','TRUE','TRUE','TRUE','TRUE','TRUE','TRUE','TRUE','TRUE','TRUE','TRUE','TRUE','TRUE','TRUE','TRUE','TRUE','TRUE',0,'2015-04-14 09:33:43');
INSERT INTO `emsAccessControl` (`oid_index`, `ACI`, `ACV_GUEST`, `ACV_USER`, `ACV_ADMIN`, `ACV_SUPER`) VALUES (0,'Administration',17,17,51,51);
INSERT INTO `emsAccessControl` (`oid_index`, `ACI`, `ACV_GUEST`, `ACV_USER`, `ACV_ADMIN`, `ACV_SUPER`) VALUES (1,'Performancemonitor',17,17,51,51);
INSERT INTO `emsAccessControl` (`oid_index`, `ACI`, `ACV_GUEST`, `ACV_USER`, `ACV_ADMIN`, `ACV_SUPER`) VALUES (2,'Faultmonitor',17,17,51,51);
INSERT INTO `emsAccessControl` (`oid_index`, `ACI`, `ACV_GUEST`, `ACV_USER`, `ACV_ADMIN`, `ACV_SUPER`) VALUES (3,'Banner',17,17,51,51);
INSERT INTO `emsAccessControl` (`oid_index`, `ACI`, `ACV_GUEST`, `ACV_USER`, `ACV_ADMIN`, `ACV_SUPER`) VALUES (4,'QuickViewer',17,17,51,51);
INSERT INTO `emsAccessControl` (`oid_index`, `ACI`, `ACV_GUEST`, `ACV_USER`, `ACV_ADMIN`, `ACV_SUPER`) VALUES (5,'solution',17,19,51,51);
INSERT INTO `emsAccessControl` (`oid_index`, `ACI`, `ACV_GUEST`, `ACV_USER`, `ACV_ADMIN`, `ACV_SUPER`) VALUES (6,'Signaling Interfaces',17,19,51,51);
INSERT INTO `emsAccessControl` (`oid_index`, `ACI`, `ACV_GUEST`, `ACV_USER`, `ACV_ADMIN`, `ACV_SUPER`) VALUES (7,'Gateways',17,19,51,51);
INSERT INTO `emsAccessControl` (`oid_index`, `ACI`, `ACV_GUEST`, `ACV_USER`, `ACV_ADMIN`, `ACV_SUPER`) VALUES (8,'Platform',17,19,51,51);
INSERT INTO `emsAccessControl` (`oid_index`, `ACI`, `ACV_GUEST`, `ACV_USER`, `ACV_ADMIN`, `ACV_SUPER`) VALUES (9,'Office Parameters',17,19,51,51);
INSERT INTO `emsAccessControl` (`oid_index`, `ACI`, `ACV_GUEST`, `ACV_USER`, `ACV_ADMIN`, `ACV_SUPER`) VALUES (10,'Subscriber',17,19,51,51);
INSERT INTO `emsAccessControl` (`oid_index`, `ACI`, `ACV_GUEST`, `ACV_USER`, `ACV_ADMIN`, `ACV_SUPER`) VALUES (11,'AuthenManage',17,17,51,51);
INSERT INTO `emsAccessControl` (`oid_index`, `ACI`, `ACV_GUEST`, `ACV_USER`, `ACV_ADMIN`, `ACV_SUPER`) VALUES (12,'System Mgmt',17,17,51,51);
INSERT INTO `emsUserInfo` (`oid_index`, `username`, `password`, `role`, `enable`, `logintime`, `email`, `phone`, `address`) VALUES (1,'admin','admin','ADMINA',1,'','','','');
INSERT INTO `enumValues` (`oid_index`, `versionID`, `timeStamp`, `queryType`, `qtype`, `qclass`, `qnameConfig`) VALUES (0,0,'2016-02-14 16:23:20','DNS_QUERY_TYPE_ENUM',35,1,'sha-st.mavenir.com');
INSERT INTO `extIp2InternalMapping` (`oid_index`, `fkNodeId`, `fkext_ip`, `fkInternalIPAddressPool`, `versionID`, `timeStamp`) VALUES (0,1,0,0,0,'2015-06-03 03:08:00');
INSERT INTO `extIp2InternalMapping` (`oid_index`, `fkNodeId`, `fkext_ip`, `fkInternalIPAddressPool`, `versionID`, `timeStamp`) VALUES (2,1,7,2,0,'2015-06-03 03:08:00');
INSERT INTO `extIp2InternalMapping` (`oid_index`, `fkNodeId`, `fkext_ip`, `fkInternalIPAddressPool`, `versionID`, `timeStamp`) VALUES (3,1,12,3,0,'2015-06-03 03:08:00');
INSERT INTO `extIp2InternalMapping` (`oid_index`, `fkNodeId`, `fkext_ip`, `fkInternalIPAddressPool`, `versionID`, `timeStamp`) VALUES (4,1,1,4,0,'2015-06-03 03:08:02');
INSERT INTO `extIp2InternalMapping` (`oid_index`, `fkNodeId`, `fkext_ip`, `fkInternalIPAddressPool`, `versionID`, `timeStamp`) VALUES (5,0,15,5,0,'2015-06-03 10:52:55');
INSERT INTO `ext_dynamic_route` (`oid_index`, `destination`, `maskSize`, `gateway`, `interface`, `fkext_rule`, `versionID`, `timeStamp`) VALUES (0,'0.0.0.0',0,'10.1.13.1','fpeth1',0,0,'2016-02-23 10:26:25');
INSERT INTO `ext_dynamic_route` (`oid_index`, `destination`, `maskSize`, `gateway`, `interface`, `fkext_rule`, `versionID`, `timeStamp`) VALUES (1,'0.0.0.0',0,'10.1.14.1','fpeth2',1,0,'2016-02-23 10:26:26');
INSERT INTO `ext_dynamic_route` (`oid_index`, `destination`, `maskSize`, `gateway`, `interface`, `fkext_rule`, `versionID`, `timeStamp`) VALUES (2,'0.0.0.0',0,'10.1.13.1','fpeth1',2,0,'2016-02-23 10:26:28');
INSERT INTO `ext_dynamic_route` (`oid_index`, `destination`, `maskSize`, `gateway`, `interface`, `fkext_rule`, `versionID`, `timeStamp`) VALUES (3,'0.0.0.0',0,'10.1.14.1','fpeth2',3,0,'2016-02-15 15:11:06');
INSERT INTO `ext_dynamic_route_ProtGrp_map` (`oid_index`, `fkext_dynamic_route`, `fkprot_grp`, `versionID`, `timeStamp`) VALUES (0,0,4,0,'2016-02-15 15:11:13');
INSERT INTO `ext_dynamic_route_ProtGrp_map` (`oid_index`, `fkext_dynamic_route`, `fkprot_grp`, `versionID`, `timeStamp`) VALUES (1,1,4,0,'2016-02-15 15:11:13');
INSERT INTO `ext_dynamic_route_ProtGrp_map` (`oid_index`, `fkext_dynamic_route`, `fkprot_grp`, `versionID`, `timeStamp`) VALUES (2,2,2,0,'2016-02-15 15:11:13');
INSERT INTO `ext_dynamic_route_ProtGrp_map` (`oid_index`, `fkext_dynamic_route`, `fkprot_grp`, `versionID`, `timeStamp`) VALUES (3,3,2,0,'2016-02-15 15:11:14');
INSERT INTO `ext_ip` (`oid_index`, `ip_addr`, `maskSize`, `fk_ext_ip_intf`, `ip_config_type`, `fkcomponent`, `fkprot_grp`) VALUES (0,'10.1.13.68',24,2,'EXT_IP_VIRTUAL',6,4);
INSERT INTO `ext_ip` (`oid_index`, `ip_addr`, `maskSize`, `fk_ext_ip_intf`, `ip_config_type`, `fkcomponent`, `fkprot_grp`) VALUES (1,'10.1.14.241',24,3,'EXT_IP_VIRTUAL',6,4);
INSERT INTO `ext_ip` (`oid_index`, `ip_addr`, `maskSize`, `fk_ext_ip_intf`, `ip_config_type`, `fkcomponent`, `fkprot_grp`) VALUES (2,'10.1.13.66',24,2,'EXT_IP_VIRTUAL',2,2);
INSERT INTO `ext_ip` (`oid_index`, `ip_addr`, `maskSize`, `fk_ext_ip_intf`, `ip_config_type`, `fkcomponent`, `fkprot_grp`) VALUES (3,'10.1.14.254',24,3,'EXT_IP_VIRTUAL',2,2);
INSERT INTO `ext_ip` (`oid_index`, `ip_addr`, `maskSize`, `fk_ext_ip_intf`, `ip_config_type`, `fkcomponent`, `fkprot_grp`) VALUES (4,'172.16.108.4',24,1,'EXT_IP_VIRTUAL',5,5);
INSERT INTO `ext_ip` (`oid_index`, `ip_addr`, `maskSize`, `fk_ext_ip_intf`, `ip_config_type`, `fkcomponent`, `fkprot_grp`) VALUES (5,'172.16.140.1',18,1,'EXT_IP_VIRTUAL',6,4);
INSERT INTO `ext_ip` (`oid_index`, `ip_addr`, `maskSize`, `fk_ext_ip_intf`, `ip_config_type`, `fkcomponent`, `fkprot_grp`) VALUES (6,'172.16.33.207',24,0,'EXT_IP_VIRTUAL',1,1);
INSERT INTO `ext_ip` (`oid_index`, `ip_addr`, `maskSize`, `fk_ext_ip_intf`, `ip_config_type`, `fkcomponent`, `fkprot_grp`) VALUES (7,'fcff:1:13:1234:2345:5678:90ab:1111',64,2,'EXT_IP_VIRTUAL',6,4);
INSERT INTO `ext_ip` (`oid_index`, `ip_addr`, `maskSize`, `fk_ext_ip_intf`, `ip_config_type`, `fkcomponent`, `fkprot_grp`) VALUES (8,'fdc0:dcba:6091:441::1',64,1,'EXT_IP_VIRTUAL',6,4);
INSERT INTO `ext_ip` (`oid_index`, `ip_addr`, `maskSize`, `fk_ext_ip_intf`, `ip_config_type`, `fkcomponent`, `fkprot_grp`) VALUES (10,'10.1.13.69',24,2,'EXT_IP_VIRTUAL',2,2);
INSERT INTO `ext_ip` (`oid_index`, `ip_addr`, `maskSize`, `fk_ext_ip_intf`, `ip_config_type`, `fkcomponent`, `fkprot_grp`) VALUES (11,'fcff:1:13::66',64,2,'EXT_IP_VIRTUAL',2,2);
INSERT INTO `ext_ip` (`oid_index`, `ip_addr`, `maskSize`, `fk_ext_ip_intf`, `ip_config_type`, `fkcomponent`, `fkprot_grp`) VALUES (12,'fcff:1:13::67',64,2,'EXT_IP_VIRTUAL',6,4);
INSERT INTO `ext_ip` (`oid_index`, `ip_addr`, `maskSize`, `fk_ext_ip_intf`, `ip_config_type`, `fkcomponent`, `fkprot_grp`) VALUES (13,'fcff:1:13::68',64,2,'EXT_IP_VIRTUAL',2,2);
INSERT INTO `ext_ip` (`oid_index`, `ip_addr`, `maskSize`, `fk_ext_ip_intf`, `ip_config_type`, `fkcomponent`, `fkprot_grp`) VALUES (14,'172.16.108.24',24,1,'EXT_IP_VIRTUAL',NULL,2);
INSERT INTO `ext_ip` (`oid_index`, `ip_addr`, `maskSize`, `fk_ext_ip_intf`, `ip_config_type`, `fkcomponent`, `fkprot_grp`) VALUES (15,'10.1.14.114',24,3,'EXT_IP_VIRTUAL',0,4);
INSERT INTO `ext_ip_intf` (`oid_index`, `intf`) VALUES (0,'bond0');
INSERT INTO `ext_ip_intf` (`oid_index`, `intf`) VALUES (4,'bond1.8');
INSERT INTO `ext_ip_intf` (`oid_index`, `intf`) VALUES (1,'fpeth0');
INSERT INTO `ext_ip_intf` (`oid_index`, `intf`) VALUES (2,'fpeth1');
INSERT INTO `ext_ip_intf` (`oid_index`, `intf`) VALUES (3,'fpeth2');
INSERT INTO `ext_route` (`oid_index`, `destination`, `maskSize`, `gateway1`, `gateway2`, `gateway3`, `gateway4`, `gateway5`, `metric`, `interface`) VALUES (0,'0.0.0.0',0,'172.16.140.1','0','0','0','0',0,'bond1.8');
INSERT INTO `ext_route` (`oid_index`, `destination`, `maskSize`, `gateway1`, `gateway2`, `gateway3`, `gateway4`, `gateway5`, `metric`, `interface`) VALUES (1,'::0',0,'fdc0:dcba:6091:441::1','0','0','0','0',0,'bond1.8');
INSERT INTO `ext_route` (`oid_index`, `destination`, `maskSize`, `gateway1`, `gateway2`, `gateway3`, `gateway4`, `gateway5`, `metric`, `interface`) VALUES (2,'10.2.2.137',32,'172.16.140.1','0','0','0','0',0,'bond1.8');
INSERT INTO `ext_route_ProtGrp_map` (`oid_index`, `fkext_route`, `fkprot_grp`) VALUES (0,0,1);
INSERT INTO `ext_route_ProtGrp_map` (`oid_index`, `fkext_route`, `fkprot_grp`) VALUES (1,1,1);
INSERT INTO `ext_route_ProtGrp_map` (`oid_index`, `fkext_route`, `fkprot_grp`) VALUES (2,2,0);
INSERT INTO `ext_rule` (`oid_index`, `fkext_ip`, `maskSize`, `table_id`, `versionID`, `timeStamp`) VALUES (0,0,32,1,0,'2016-02-23 10:24:37');
INSERT INTO `ext_rule` (`oid_index`, `fkext_ip`, `maskSize`, `table_id`, `versionID`, `timeStamp`) VALUES (1,1,32,2,0,'2016-02-23 10:24:39');
INSERT INTO `ext_rule` (`oid_index`, `fkext_ip`, `maskSize`, `table_id`, `versionID`, `timeStamp`) VALUES (2,2,32,3,0,'2016-02-23 10:24:41');
INSERT INTO `ext_rule` (`oid_index`, `fkext_ip`, `maskSize`, `table_id`, `versionID`, `timeStamp`) VALUES (3,3,32,4,0,'2016-02-23 10:24:44');
INSERT INTO `fqdn_local` (`oid_index`, `fqdn`) VALUES (2,'10.1.13.66');
INSERT INTO `fqdn_local` (`oid_index`, `fqdn`) VALUES (5,'10.1.13.68');
INSERT INTO `fqdn_local` (`oid_index`, `fqdn`) VALUES (6,'10.1.13.69');
INSERT INTO `fqdn_local` (`oid_index`, `fqdn`) VALUES (3,'10.1.14.254');
INSERT INTO `fqdn_local` (`oid_index`, `fqdn`) VALUES (4,'atcf115.sha-st.mavenir.com');
INSERT INTO `fqdn_local` (`oid_index`, `fqdn`) VALUES (12,'ecscf42.sha-st.mavenir.com');
INSERT INTO `fqdn_local` (`oid_index`, `fqdn`) VALUES (9,'ipv6-gm-2-media.sha-st.mavenir.com');
INSERT INTO `fqdn_local` (`oid_index`, `fqdn`) VALUES (8,'ipv6-gm-2-sig.sha-st.mavenir.com');
INSERT INTO `fqdn_local` (`oid_index`, `fqdn`) VALUES (7,'ipv6-gm-media.sha-st.mavenir.com');
INSERT INTO `fqdn_local` (`oid_index`, `fqdn`) VALUES (11,'ipv6-gm.sha-it.mavenir.com');
INSERT INTO `fqdn_local` (`oid_index`, `fqdn`) VALUES (13,'lrf.sha-st.mavenir.com');
INSERT INTO `fqdn_local` (`oid_index`, `fqdn`) VALUES (1,'pravite-e2e124-pcscf.sha-st.mavenir.com');
INSERT INTO `fqdn_local` (`oid_index`, `fqdn`) VALUES (0,'public-e2e124-pcscf.sha-st.mavenir.com');
INSERT INTO `fqdn_local_ext_ip_map` (`oid_index`, `fkfqdn_local`, `fkrealm`, `fkext_ip`) VALUES (0,0,1,0);
INSERT INTO `fqdn_local_ext_ip_map` (`oid_index`, `fkfqdn_local`, `fkrealm`, `fkext_ip`) VALUES (1,1,2,1);
INSERT INTO `fqdn_local_ext_ip_map` (`oid_index`, `fkfqdn_local`, `fkrealm`, `fkext_ip`) VALUES (2,2,1,2);
INSERT INTO `fqdn_local_ext_ip_map` (`oid_index`, `fkfqdn_local`, `fkrealm`, `fkext_ip`) VALUES (3,3,2,3);
INSERT INTO `fqdn_local_ext_ip_map` (`oid_index`, `fkfqdn_local`, `fkrealm`, `fkext_ip`) VALUES (4,4,4,1);
INSERT INTO `fqdn_local_ext_ip_map` (`oid_index`, `fkfqdn_local`, `fkrealm`, `fkext_ip`) VALUES (8,7,11,11);
INSERT INTO `fqdn_local_ext_ip_map` (`oid_index`, `fkfqdn_local`, `fkrealm`, `fkext_ip`) VALUES (9,8,5,12);
INSERT INTO `fqdn_local_ext_ip_map` (`oid_index`, `fkfqdn_local`, `fkrealm`, `fkext_ip`) VALUES (10,9,5,13);
INSERT INTO `fqdn_local_ext_ip_map` (`oid_index`, `fkfqdn_local`, `fkrealm`, `fkext_ip`) VALUES (11,11,11,7);
INSERT INTO `fqdn_local_ext_ip_map` (`oid_index`, `fkfqdn_local`, `fkrealm`, `fkext_ip`) VALUES (12,12,2,1);
INSERT INTO `fqdn_local_ext_ip_map` (`oid_index`, `fkfqdn_local`, `fkrealm`, `fkext_ip`) VALUES (13,13,2,1);
INSERT INTO `fqdn_local_ext_ip_map` (`oid_index`, `fkfqdn_local`, `fkrealm`, `fkext_ip`) VALUES (14,1,6,1);
INSERT INTO `fqdn_local_ext_ip_map` (`oid_index`, `fkfqdn_local`, `fkrealm`, `fkext_ip`) VALUES (15,3,6,3);
INSERT INTO `genericParamDef` (`oid_index`, `fieldname`, `dataType`, `minValue`, `maxValue`, `value`, `interfaceIds`) VALUES (0,'RM_EXT_PORT_RANGE','STRING',10000,65535,'0',NULL);
INSERT INTO `hmrPolicy` (`oid_index`, `name`, `versionID`, `timeStamp`, `appType`, `netIntfType`, `fkpeer_addr`, `fknormalization`, `isValid`) VALUES (3,'3',0,'2016-02-14 15:54:31','APP_TYPE_PCSCF','NET_INTERFACE_MW',NULL,NULL,'TRUE');
INSERT INTO `hmrPolicy` (`oid_index`, `name`, `versionID`, `timeStamp`, `appType`, `netIntfType`, `fkpeer_addr`, `fknormalization`, `isValid`) VALUES (10,'mod-P',0,'2016-02-14 15:54:52','APP_TYPE_ATCF','NET_INTERFACE_MWMX',NULL,NULL,'TRUE');
INSERT INTO `hmrPolicy` (`oid_index`, `name`, `versionID`, `timeStamp`, `appType`, `netIntfType`, `fkpeer_addr`, `fknormalization`, `isValid`) VALUES (15,'xiahao-add tgrp',0,'2016-02-25 18:34:34','APP_TYPE_PCSCF','NET_INTERFACE_GM',0,2,'TRUE');
INSERT INTO `ims_rmt_diam_peer` (`oid_index`, `fkims_rmt_server`, `fkdiam_realm`, `peer_type`, `addi_peer_type`, `transpType`, `security_type`, `admin_state`, `transExpiryTmr`) VALUES (0,17,0,'DIAM_PRIMARY','DIAM_PEER_STANDARD','DIAM_TCP_IPV4','DIAM_NO_SECU','UNLOCKED',5);
INSERT INTO `ims_rmt_server` (`oid_index`, `name`, `server_type`, `protocol`, `host`, `fqdn`, `ip`, `fkdomain`, `fkgroup`, `fkrealm`, `isTrusted`, `isBinarySupp`, `weight`, `priority`, `retryTimes`, `port`, `protoType`, `versionID`, `timeStamp`, `supportHealthCheck`, `skipOptions`) VALUES (0,'ICSCF','IMS_SERVER_TYPE_ICSCF','IP_SERVICE_SIP','icscf.sha-st.mavenir.com','icscf.sha-st.mavenir.com','10.2.13.130',0,0,2,1,0,100,'PRIMARY',1,5060,'IP_PROTO_ANY',0,'2016-02-14 15:43:57','FALSE','FALSE');
INSERT INTO `ims_rmt_server` (`oid_index`, `name`, `server_type`, `protocol`, `host`, `fqdn`, `ip`, `fkdomain`, `fkgroup`, `fkrealm`, `isTrusted`, `isBinarySupp`, `weight`, `priority`, `retryTimes`, `port`, `protoType`, `versionID`, `timeStamp`, `supportHealthCheck`, `skipOptions`) VALUES (1,'SCSCF','IMS_SERVER_TYPE_SCSCF','IP_SERVICE_SIP','10.2.13.130','scscf.sha-st.mavenir.com','10.2.13.130',0,0,2,1,0,100,'PRIMARY',1,5070,'IP_PROTO_ANY',0,'2016-02-14 15:45:38','FALSE','FALSE');
INSERT INTO `ims_rmt_server` (`oid_index`, `name`, `server_type`, `protocol`, `host`, `fqdn`, `ip`, `fkdomain`, `fkgroup`, `fkrealm`, `isTrusted`, `isBinarySupp`, `weight`, `priority`, `retryTimes`, `port`, `protoType`, `versionID`, `timeStamp`, `supportHealthCheck`, `skipOptions`) VALUES (16,'sim-ecscf','IMS_SERVER_TYPE_ECSCF','IP_SERVICE_SIP','10.2.13.20','ecscf.sha-it.mavenir.com','10.2.13.20',0,9,2,1,0,100,'PRIMARY',1,5030,'IP_PROTO_ANY',0,'2016-02-23 14:28:01','TRUE','FALSE');
INSERT INTO `ims_rmt_server` (`oid_index`, `name`, `server_type`, `protocol`, `host`, `fqdn`, `ip`, `fkdomain`, `fkgroup`, `fkrealm`, `isTrusted`, `isBinarySupp`, `weight`, `priority`, `retryTimes`, `port`, `protoType`, `versionID`, `timeStamp`, `supportHealthCheck`, `skipOptions`) VALUES (17,'pcrf','IMS_SERVER_TYPE_PCRF','IP_SERVICE_DIAM','pcrfv6.sha-it.mavenir.com','pcrfv6.sha-it.mavenir.com','fcff:1:13:0:20c:29ff:fe50:2f7c',0,0,1,1,0,100,'PRIMARY',1,4868,'IP_PROTO_ANY',0,'2016-02-14 15:48:04','FALSE','FALSE');
INSERT INTO `ims_rmt_server` (`oid_index`, `name`, `server_type`, `protocol`, `host`, `fqdn`, `ip`, `fkdomain`, `fkgroup`, `fkrealm`, `isTrusted`, `isBinarySupp`, `weight`, `priority`, `retryTimes`, `port`, `protoType`, `versionID`, `timeStamp`, `supportHealthCheck`, `skipOptions`) VALUES (41,'pcscf','IMS_SERVER_TYPE_PCSCF','IP_SERVICE_SIP','pravite-e2e12-pcscf.sha-st.mavenir.com','pravite-e2e12-pcscf.sha-st.mavenir.com','10.2.26.240',0,2,4,1,0,100,'PRIMARY',1,5062,'IP_PROTO_ANY',0,'2016-02-14 15:47:20','FALSE','FALSE');
INSERT INTO `ims_rmt_server` (`oid_index`, `name`, `server_type`, `protocol`, `host`, `fqdn`, `ip`, `fkdomain`, `fkgroup`, `fkrealm`, `isTrusted`, `isBinarySupp`, `weight`, `priority`, `retryTimes`, `port`, `protoType`, `versionID`, `timeStamp`, `supportHealthCheck`, `skipOptions`) VALUES (42,'atcf','IMS_SERVER_TYPE_ATCF','IP_SERVICE_SIP','atcf115.sha-st.mavenir.com','atcf115.sha-st.mavenir.com','10.1.14.241',0,3,2,1,0,100,'PRIMARY',1,5755,'IP_PROTO_ANY',0,'2016-02-14 15:48:22','FALSE','FALSE');
INSERT INTO `ims_rmt_server` (`oid_index`, `name`, `server_type`, `protocol`, `host`, `fqdn`, `ip`, `fkdomain`, `fkgroup`, `fkrealm`, `isTrusted`, `isBinarySupp`, `weight`, `priority`, `retryTimes`, `port`, `protoType`, `versionID`, `timeStamp`, `supportHealthCheck`, `skipOptions`) VALUES (43,'icscf_realm4','IMS_SERVER_TYPE_ICSCF','IP_SERVICE_SIP','sha-st.mavenir.com','sha-st.mavenir.com','10.2.13.130',0,4,4,1,0,100,'PRIMARY',1,5060,'IP_PROTO_ANY',0,'2016-02-14 15:47:20','FALSE','FALSE');
INSERT INTO `ims_rmt_server` (`oid_index`, `name`, `server_type`, `protocol`, `host`, `fqdn`, `ip`, `fkdomain`, `fkgroup`, `fkrealm`, `isTrusted`, `isBinarySupp`, `weight`, `priority`, `retryTimes`, `port`, `protoType`, `versionID`, `timeStamp`, `supportHealthCheck`, `skipOptions`) VALUES (44,'scscf_realm4','IMS_SERVER_TYPE_SCSCF','IP_SERVICE_SIP','scscf.sha-st.mavenir.com','scscf.sha-st.mavenir.com','10.2.13.130',0,5,4,1,0,100,'PRIMARY',1,5070,'IP_PROTO_ANY',0,'2016-02-14 15:47:20','FALSE','FALSE');
INSERT INTO `ims_rmt_server` (`oid_index`, `name`, `server_type`, `protocol`, `host`, `fqdn`, `ip`, `fkdomain`, `fkgroup`, `fkrealm`, `isTrusted`, `isBinarySupp`, `weight`, `priority`, `retryTimes`, `port`, `protoType`, `versionID`, `timeStamp`, `supportHealthCheck`, `skipOptions`) VALUES (45,'MSC','IMS_SERVER_TYPE_MSC_S','IP_SERVICE_SIP','msc.sha-st.mavenir.com','msc.sha-st.mavenir.com','10.2.10.29',0,6,4,1,0,100,'PRIMARY',1,5060,'IP_PROTO_ANY',0,'2016-02-14 15:47:20','FALSE','FALSE');
INSERT INTO `ims_rmt_server` (`oid_index`, `name`, `server_type`, `protocol`, `host`, `fqdn`, `ip`, `fkdomain`, `fkgroup`, `fkrealm`, `isTrusted`, `isBinarySupp`, `weight`, `priority`, `retryTimes`, `port`, `protoType`, `versionID`, `timeStamp`, `supportHealthCheck`, `skipOptions`) VALUES (46,'SCCAS','IMS_SERVER_TYPE_SCC_AS','IP_SERVICE_SIP','sccas.dls.mavenir.lab','sccas.dls.mavenir.lab','10.1.14.198',0,7,4,1,0,100,'PRIMARY',1,5062,'IP_PROTO_ANY',0,'2016-02-14 15:47:20','FALSE','FALSE');
INSERT INTO `ipAssociationPolicy` (`oid_index`, `versionID`, `timeStamp`, `addressType`, `ipSubNet`, `ipMaskLength`, `checkPort`) VALUES (0,0,'2016-01-16 18:35:40','ADDRESS_TYPE_IPV4','10.0.0.0',8,'FALSE');
INSERT INTO `ipAssociationPolicy` (`oid_index`, `versionID`, `timeStamp`, `addressType`, `ipSubNet`, `ipMaskLength`, `checkPort`) VALUES (1,0,'2016-02-17 19:04:07','ADDRESS_TYPE_IPV6','fcff::0',64,'FALSE');
INSERT INTO `liTargetTypeMap` (`oid_index`, `targetType`, `sipHeader`, `targetRegion`) VALUES (3,'LI_TARGET_MSISDN','History-Info','LI_TARGET_REGION_ALL');
INSERT INTO `localServiceSetting` (`oid_index`, `name`, `app_type`, `net_interface_type`, `ip_service_type`, `ip_proto_type`) VALUES (0,'localService-default','APP_TYPE_UNKNOWN','NET_INTERFACE_ANY','IP_SERVICE_UNKNOWN','IP_PROTO_ANY');
INSERT INTO `localServiceSetting` (`oid_index`, `name`, `app_type`, `net_interface_type`, `ip_service_type`, `ip_proto_type`) VALUES (1,'PCSCF_SIP','APP_TYPE_PCSCF','NET_INTERFACE_GM','IP_SERVICE_SIP','IP_PROTO_ANY');
INSERT INTO `localServiceSetting` (`oid_index`, `name`, `app_type`, `net_interface_type`, `ip_service_type`, `ip_proto_type`) VALUES (2,'PCSCF_MSRP','APP_TYPE_PCSCF','NET_INTERFACE_MW','IP_SERVICE_MSRP','IP_PROTO_ANY');
INSERT INTO `localServiceSetting` (`oid_index`, `name`, `app_type`, `net_interface_type`, `ip_service_type`, `ip_proto_type`) VALUES (3,'ATCF_SIP','APP_TYPE_ATCF','NET_INTERFACE_MWMX','IP_SERVICE_SIP','IP_PROTO_ANY');
INSERT INTO `localServiceSetting` (`oid_index`, `name`, `app_type`, `net_interface_type`, `ip_service_type`, `ip_proto_type`) VALUES (4,'ATCF_RTP','APP_TYPE_ATCF','NET_INTERFACE_MWMX','IP_SERVICE_RTP','IP_PROTO_ANY');
INSERT INTO `location` (`oid_index`, `name`, `address`) VALUES (0,'Richardson,TX',NULL);
INSERT INTO `lrf` (`oid_index`, `type3TermIOI`, `retrievalPolicy`, `locationType`, `defaultPSAPUri`, `isRestrict4GpsXmlParse`, `isPlusUse4NumMatch`, `isConnectorUse4NumMatch`, `pegRetransKpi`, `debugFlag`, `versionID`, `timeStamp`) VALUES (0,'lrf-3-ioi',0,0,'tel:+110','TRUE','TRUE','FALSE','TRUE',1,0,'2015-04-14 09:35:01');
INSERT INTO `mediaGeneralPolicy` (`oid_index`, `versionID`, `timeStamp`, `name`, `appType`, `netIntfType`, `fkpeer_addr`, `fkClientInfo`, `fkMediaSetting`) VALUES (0,0,'2015-05-11 11:14:57','','APP_TYPE_UNKNOWN','NET_INTERFACE_ANY',0,0,0);
INSERT INTO `mediaSettings` (`oid_index`, `versionID`, `timeStamp`, `name`, `enableUDPCheckSum`, `helpNATTravesal`, `allowRemotePortChange`, `supportedIce`, `preferredIceRole`, `supportPEMHeader`, `gatePEM`, `directionForPEM`, `supportOMR`, `enableLoopbackValidityCheck`, `checkIncOmrRealm`) VALUES (0,0,'2016-02-24 01:46:24','media-default','FALSE','TRUE','FALSE','ICE_NONE','ICE_ROLE_CONTROLLER','TRUE','TRUE','PEM_DIRT_BIDIRECTION','FALSE','TRUE','TRUE');
INSERT INTO `mppExtIpSetting` (`oid_index`, `versionID`, `timeStamp`, `fkgroupIndex`, `fkextIp`) VALUES (0,0,'2016-02-14 16:45:33',0,0);
INSERT INTO `mppExtIpSetting` (`oid_index`, `versionID`, `timeStamp`, `fkgroupIndex`, `fkextIp`) VALUES (1,0,'2016-02-14 16:45:33',0,1);
INSERT INTO `mppExtIpSetting` (`oid_index`, `versionID`, `timeStamp`, `fkgroupIndex`, `fkextIp`) VALUES (2,0,'2016-02-14 16:45:33',0,2);
INSERT INTO `mppExtIpSetting` (`oid_index`, `versionID`, `timeStamp`, `fkgroupIndex`, `fkextIp`) VALUES (3,0,'2016-02-14 16:45:33',0,0);
INSERT INTO `mppGroupSetting` (`oid_index`, `versionID`, `timeStamp`, `isExternal`, `fkMpcNodeId`) VALUES (0,0,'2016-02-15 18:12:37','TRUE',0);
INSERT INTO `mppSetting` (`oid_index`, `versionID`, `timeStamp`, `threadNum`, `standbyUpTimer`, `fkgroupIndex`, `fknodeid`) VALUES (0,0,'2016-02-14 16:45:33',2,180,0,2);
INSERT INTO `msrpCapability` (`oid_index`, `versionID`, `timeStamp`, `name`, `appType`, `netIntfType`, `fkpeer_addr`, `fkClientInfo`, `transport`, `ipType`, `setupRoleInAnswerSdp`, `setupRoleInOfferSdp`) VALUES (1,0,'2016-03-04 12:24:44','Mw','APP_TYPE_PCSCF','NET_INTERFACE_MW',1,0,'MSRP_TCP','ipv4','ROLE_PASSIVE','ROLE_ACTPASS');
INSERT INTO `msrpCapability` (`oid_index`, `versionID`, `timeStamp`, `name`, `appType`, `netIntfType`, `fkpeer_addr`, `fkClientInfo`, `transport`, `ipType`, `setupRoleInAnswerSdp`, `setupRoleInOfferSdp`) VALUES (2,0,'2016-02-17 15:14:32','Gm','APP_TYPE_PCSCF','NET_INTERFACE_GM',2,0,'MSRP_TLS','ipv4','ROLE_PASSIVE','ROLE_PASSIVE');
INSERT INTO `msrpOvld` (`oid_index`, `overloadlevel`, `delayrate`) VALUES (0,0,0);
INSERT INTO `msrpOvld` (`oid_index`, `overloadlevel`, `delayrate`) VALUES (1,1,30);
INSERT INTO `msrpOvld` (`oid_index`, `overloadlevel`, `delayrate`) VALUES (2,2,60);
INSERT INTO `msrpOvld` (`oid_index`, `overloadlevel`, `delayrate`) VALUES (3,3,90);
INSERT INTO `msrpOvld` (`oid_index`, `overloadlevel`, `delayrate`) VALUES (4,4,0);
INSERT INTO `msrpSettingsForRms` (`oid_index`, `versionID`, `timeStamp`, `useMsrpPathIP`, `useMsrpPathPort`, `msrpInactivityTimer`, `msrpSuccReportTimer`, `msrpFailReportTimer`, `msrpContextStsTimer`, `contextInactivityTimer`, `idleProbTimer`, `termPendingTimer`, `msrpMsgGracefulWaitingTimer`, `iwMsgRspTimer`, `msgGuardTimer`, `msrpSessSwitchTimer`, `msrpMsgSwitchTimer`, `msrpActConnTimer`, `msrpPasBindTimer`, `msrpConnIdleTimer`, `msrpTransTimer`, `msrpRetryTimer`, `msrpDnsQueryTimer`, `maxSendSizePerSession`, `maxSendSizePerMsg`, `recvBufferSize`, `segmentThreshold`, `spliceThreshold`, `sysMaxSize`, `waitForRcptSend`, `maxSizeSysMsgSupport`, `dumpFlag`, `retransNum`, `readDelayTimer`, `sysMaxSizeIw`, `MaxsendSizePerChunk`, `useExactByteRange`, `scanendofChunk`, `stopArchOnGracefulRelease`, `stopArchOnForcefulRelease`, `waitArchOnGracefulRelease`, `checkingIncomingCpimTo`, `changeOutgoingCpimToForGroup`, `changeCpimToForSelfFwding`, `disableAnyReportForSelfFwding`, `retryOnReport`, `allowAggregateChunkForRetry`, `fwdMsgToMyself`, `setActivePort9`, `delayToSendSYNTimer`, `clientWaitForTLSHandshakeTimer`, `serverWaitForTLSHandshakeTimer`, `tryTLSHandshakeCount`) VALUES (0,0,'2016-02-14 16:46:53','MSRP_TRUE','MSRP_TRUE',10,120,30,60,10,3,5,35,10,3,30,10,30,30,30,30,1,30,4096000,1024000,4096,2048,1024,5491520,'MSRP_TRUE','TRUE','MSRP_TRUE',1,50,5491520,10240,'FALSE','TRUE',0,0,0,'DISABLED_CHECK','FOLLOW_CPM_ALWAYS','TRUE','TRUE','TRUE','TRUE','TRUE','TRUE',0,1,1,3);
INSERT INTO `nat` (`oid_index`, `proto`, `direction`, `fkservice_pool`, `fkprot_grp`, `int_port`, `int_port_range`, `fkext_ip_ext`, `ext_port`, `rmt_ip`, `rmt_port`, `rmt_port_range`, `fkext_ip_ext_bak`, `rmt_ip_bak`) VALUES (0,'TCP','EGRESS',NULL,NULL,5900,10,1,1,'0.0.0.0',0,1,0,'0');
INSERT INTO `nat` (`oid_index`, `proto`, `direction`, `fkservice_pool`, `fkprot_grp`, `int_port`, `int_port_range`, `fkext_ip_ext`, `ext_port`, `rmt_ip`, `rmt_port`, `rmt_port_range`, `fkext_ip_ext_bak`, `rmt_ip_bak`) VALUES (1,'TCP','EGRESS',NULL,NULL,5800,10,0,1,'0.0.0.0',0,1,0,'0');
INSERT INTO `nat` (`oid_index`, `proto`, `direction`, `fkservice_pool`, `fkprot_grp`, `int_port`, `int_port_range`, `fkext_ip_ext`, `ext_port`, `rmt_ip`, `rmt_port`, `rmt_port_range`, `fkext_ip_ext_bak`, `rmt_ip_bak`) VALUES (2,'TCP','INGRESS',2,NULL,5062,1,1,5062,'0.0.0.0',0,1,0,'0');
INSERT INTO `nat` (`oid_index`, `proto`, `direction`, `fkservice_pool`, `fkprot_grp`, `int_port`, `int_port_range`, `fkext_ip_ext`, `ext_port`, `rmt_ip`, `rmt_port`, `rmt_port_range`, `fkext_ip_ext_bak`, `rmt_ip_bak`) VALUES (3,'TCP','INGRESS',3,NULL,5060,1,0,5060,'0.0.0.0',0,1,0,'0');
INSERT INTO `nat` (`oid_index`, `proto`, `direction`, `fkservice_pool`, `fkprot_grp`, `int_port`, `int_port_range`, `fkext_ip_ext`, `ext_port`, `rmt_ip`, `rmt_port`, `rmt_port_range`, `fkext_ip_ext_bak`, `rmt_ip_bak`) VALUES (4,'UDP','EGRESS',NULL,NULL,5062,1,1,5062,'0.0.0.0',0,1,0,'0');
INSERT INTO `nat` (`oid_index`, `proto`, `direction`, `fkservice_pool`, `fkprot_grp`, `int_port`, `int_port_range`, `fkext_ip_ext`, `ext_port`, `rmt_ip`, `rmt_port`, `rmt_port_range`, `fkext_ip_ext_bak`, `rmt_ip_bak`) VALUES (5,'UDP','EGRESS',NULL,NULL,5060,1,0,5060,'0.0.0.0',0,1,0,'0');
INSERT INTO `nat` (`oid_index`, `proto`, `direction`, `fkservice_pool`, `fkprot_grp`, `int_port`, `int_port_range`, `fkext_ip_ext`, `ext_port`, `rmt_ip`, `rmt_port`, `rmt_port_range`, `fkext_ip_ext_bak`, `rmt_ip_bak`) VALUES (6,'UDP','INGRESS',0,NULL,5062,1,1,5062,'0.0.0.0',0,1,0,'0');
INSERT INTO `nat` (`oid_index`, `proto`, `direction`, `fkservice_pool`, `fkprot_grp`, `int_port`, `int_port_range`, `fkext_ip_ext`, `ext_port`, `rmt_ip`, `rmt_port`, `rmt_port_range`, `fkext_ip_ext_bak`, `rmt_ip_bak`) VALUES (7,'UDP','INGRESS',1,NULL,5060,1,0,5060,'0.0.0.0',0,1,0,'0');
INSERT INTO `nat` (`oid_index`, `proto`, `direction`, `fkservice_pool`, `fkprot_grp`, `int_port`, `int_port_range`, `fkext_ip_ext`, `ext_port`, `rmt_ip`, `rmt_port`, `rmt_port_range`, `fkext_ip_ext_bak`, `rmt_ip_bak`) VALUES (8,'IPSEC','EGRESS',4,NULL,0,1,0,0,'0.0.0.0',0,1,0,'0');
INSERT INTO `nat` (`oid_index`, `proto`, `direction`, `fkservice_pool`, `fkprot_grp`, `int_port`, `int_port_range`, `fkext_ip_ext`, `ext_port`, `rmt_ip`, `rmt_port`, `rmt_port_range`, `fkext_ip_ext_bak`, `rmt_ip_bak`) VALUES (9,'IPSEC','EGRESS',4,NULL,0,1,7,0,'::0',0,1,0,'0');
INSERT INTO `nat` (`oid_index`, `proto`, `direction`, `fkservice_pool`, `fkprot_grp`, `int_port`, `int_port_range`, `fkext_ip_ext`, `ext_port`, `rmt_ip`, `rmt_port`, `rmt_port_range`, `fkext_ip_ext_bak`, `rmt_ip_bak`) VALUES (10,'TCP','INGRESS',2,NULL,5061,1,0,5061,'0.0.0.0',0,1,0,'0');
INSERT INTO `nat` (`oid_index`, `proto`, `direction`, `fkservice_pool`, `fkprot_grp`, `int_port`, `int_port_range`, `fkext_ip_ext`, `ext_port`, `rmt_ip`, `rmt_port`, `rmt_port_range`, `fkext_ip_ext_bak`, `rmt_ip_bak`) VALUES (12,'UDP','EGRESS',NULL,NULL,5755,1,1,5755,'0.0.0.0',0,1,0,'0');
INSERT INTO `nat` (`oid_index`, `proto`, `direction`, `fkservice_pool`, `fkprot_grp`, `int_port`, `int_port_range`, `fkext_ip_ext`, `ext_port`, `rmt_ip`, `rmt_port`, `rmt_port_range`, `fkext_ip_ext_bak`, `rmt_ip_bak`) VALUES (13,'UDP','INGRESS',0,NULL,5755,1,1,5755,'0.0.0.0',0,1,0,'0');
INSERT INTO `nat` (`oid_index`, `proto`, `direction`, `fkservice_pool`, `fkprot_grp`, `int_port`, `int_port_range`, `fkext_ip_ext`, `ext_port`, `rmt_ip`, `rmt_port`, `rmt_port_range`, `fkext_ip_ext_bak`, `rmt_ip_bak`) VALUES (14,'TCP','EGRESS',NULL,NULL,5090,1,1,5090,'0.0.0.0',0,1,0,'0');
INSERT INTO `nat` (`oid_index`, `proto`, `direction`, `fkservice_pool`, `fkprot_grp`, `int_port`, `int_port_range`, `fkext_ip_ext`, `ext_port`, `rmt_ip`, `rmt_port`, `rmt_port_range`, `fkext_ip_ext_bak`, `rmt_ip_bak`) VALUES (15,'TCP','EGRESS',NULL,NULL,8805,10,0,3868,'0.0.0.0',0,1,0,'0');
INSERT INTO `nat` (`oid_index`, `proto`, `direction`, `fkservice_pool`, `fkprot_grp`, `int_port`, `int_port_range`, `fkext_ip_ext`, `ext_port`, `rmt_ip`, `rmt_port`, `rmt_port_range`, `fkext_ip_ext_bak`, `rmt_ip_bak`) VALUES (16,'TCP','INGRESS',NULL,NULL,8805,1,0,3868,'0.0.0.0',0,1,0,'0');
INSERT INTO `nat` (`oid_index`, `proto`, `direction`, `fkservice_pool`, `fkprot_grp`, `int_port`, `int_port_range`, `fkext_ip_ext`, `ext_port`, `rmt_ip`, `rmt_port`, `rmt_port_range`, `fkext_ip_ext_bak`, `rmt_ip_bak`) VALUES (17,'UDP','EGRESS',NULL,NULL,2500,1,0,2500,'0.0.0.0',0,1,0,'0');
INSERT INTO `nat` (`oid_index`, `proto`, `direction`, `fkservice_pool`, `fkprot_grp`, `int_port`, `int_port_range`, `fkext_ip_ext`, `ext_port`, `rmt_ip`, `rmt_port`, `rmt_port_range`, `fkext_ip_ext_bak`, `rmt_ip_bak`) VALUES (18,'UDP','INGRESS',0,NULL,2500,1,0,2500,'0.0.0.0',0,1,0,'0');
INSERT INTO `nat` (`oid_index`, `proto`, `direction`, `fkservice_pool`, `fkprot_grp`, `int_port`, `int_port_range`, `fkext_ip_ext`, `ext_port`, `rmt_ip`, `rmt_port`, `rmt_port_range`, `fkext_ip_ext_bak`, `rmt_ip_bak`) VALUES (19,'TCP','EGRESS',3,NULL,5080,10,1,5080,'0.0.0.0',0,1,1,'0');
INSERT INTO `nat` (`oid_index`, `proto`, `direction`, `fkservice_pool`, `fkprot_grp`, `int_port`, `int_port_range`, `fkext_ip_ext`, `ext_port`, `rmt_ip`, `rmt_port`, `rmt_port_range`, `fkext_ip_ext_bak`, `rmt_ip_bak`) VALUES (20,'TCP','INGRESS',3,NULL,5080,10,1,5080,'0.0.0.0',0,1,1,'0');
INSERT INTO `nat` (`oid_index`, `proto`, `direction`, `fkservice_pool`, `fkprot_grp`, `int_port`, `int_port_range`, `fkext_ip_ext`, `ext_port`, `rmt_ip`, `rmt_port`, `rmt_port_range`, `fkext_ip_ext_bak`, `rmt_ip_bak`) VALUES (21,'TCP','EGRESS',NULL,NULL,5755,1,1,5755,'0.0.0.0',0,1,0,'0');
INSERT INTO `nat` (`oid_index`, `proto`, `direction`, `fkservice_pool`, `fkprot_grp`, `int_port`, `int_port_range`, `fkext_ip_ext`, `ext_port`, `rmt_ip`, `rmt_port`, `rmt_port_range`, `fkext_ip_ext_bak`, `rmt_ip_bak`) VALUES (22,'TCP','INGRESS',2,NULL,5755,1,1,5755,'0.0.0.0',0,1,0,'0');
INSERT INTO `nat` (`oid_index`, `proto`, `direction`, `fkservice_pool`, `fkprot_grp`, `int_port`, `int_port_range`, `fkext_ip_ext`, `ext_port`, `rmt_ip`, `rmt_port`, `rmt_port_range`, `fkext_ip_ext_bak`, `rmt_ip_bak`) VALUES (23,'TCP','EGRESS',NULL,NULL,5776,1,1,5776,'0.0.0.0',0,1,0,'0');
INSERT INTO `nat` (`oid_index`, `proto`, `direction`, `fkservice_pool`, `fkprot_grp`, `int_port`, `int_port_range`, `fkext_ip_ext`, `ext_port`, `rmt_ip`, `rmt_port`, `rmt_port_range`, `fkext_ip_ext_bak`, `rmt_ip_bak`) VALUES (28,'TCP','EGRESS',NULL,NULL,55000,100,7,55000,'::0',4868,1,0,'0');
INSERT INTO `nat` (`oid_index`, `proto`, `direction`, `fkservice_pool`, `fkprot_grp`, `int_port`, `int_port_range`, `fkext_ip_ext`, `ext_port`, `rmt_ip`, `rmt_port`, `rmt_port_range`, `fkext_ip_ext_bak`, `rmt_ip_bak`) VALUES (29,'TCP','EGRESS',NULL,NULL,0,100,1,1,'0.0.0.0',4868,1,0,'0');
INSERT INTO `nat` (`oid_index`, `proto`, `direction`, `fkservice_pool`, `fkprot_grp`, `int_port`, `int_port_range`, `fkext_ip_ext`, `ext_port`, `rmt_ip`, `rmt_port`, `rmt_port_range`, `fkext_ip_ext_bak`, `rmt_ip_bak`) VALUES (30,'UDP','EGRESS',NULL,NULL,5060,1,7,5060,'::0',0,1,0,'0');
INSERT INTO `nat` (`oid_index`, `proto`, `direction`, `fkservice_pool`, `fkprot_grp`, `int_port`, `int_port_range`, `fkext_ip_ext`, `ext_port`, `rmt_ip`, `rmt_port`, `rmt_port_range`, `fkext_ip_ext_bak`, `rmt_ip_bak`) VALUES (31,'TCP','EGRESS',NULL,NULL,5060,1,7,5060,'::0',0,1,0,'0');
INSERT INTO `nat` (`oid_index`, `proto`, `direction`, `fkservice_pool`, `fkprot_grp`, `int_port`, `int_port_range`, `fkext_ip_ext`, `ext_port`, `rmt_ip`, `rmt_port`, `rmt_port_range`, `fkext_ip_ext_bak`, `rmt_ip_bak`) VALUES (32,'UDP','INGRESS',1,NULL,5060,1,7,5060,'::0',0,1,0,'0');
INSERT INTO `nat` (`oid_index`, `proto`, `direction`, `fkservice_pool`, `fkprot_grp`, `int_port`, `int_port_range`, `fkext_ip_ext`, `ext_port`, `rmt_ip`, `rmt_port`, `rmt_port_range`, `fkext_ip_ext_bak`, `rmt_ip_bak`) VALUES (33,'TCP','INGRESS',3,NULL,5060,1,7,5060,'::0',0,1,0,'0');
INSERT INTO `nat` (`oid_index`, `proto`, `direction`, `fkservice_pool`, `fkprot_grp`, `int_port`, `int_port_range`, `fkext_ip_ext`, `ext_port`, `rmt_ip`, `rmt_port`, `rmt_port_range`, `fkext_ip_ext_bak`, `rmt_ip_bak`) VALUES (36,'UDP','EGRESS',NULL,NULL,5042,1,12,5060,'0.0.0.0',0,1,0,'0');
INSERT INTO `nat` (`oid_index`, `proto`, `direction`, `fkservice_pool`, `fkprot_grp`, `int_port`, `int_port_range`, `fkext_ip_ext`, `ext_port`, `rmt_ip`, `rmt_port`, `rmt_port_range`, `fkext_ip_ext_bak`, `rmt_ip_bak`) VALUES (37,'UDP','INGRESS',1,NULL,5042,1,12,5060,'0.0.0.0',0,1,0,'0');
INSERT INTO `nat` (`oid_index`, `proto`, `direction`, `fkservice_pool`, `fkprot_grp`, `int_port`, `int_port_range`, `fkext_ip_ext`, `ext_port`, `rmt_ip`, `rmt_port`, `rmt_port_range`, `fkext_ip_ext_bak`, `rmt_ip_bak`) VALUES (71,'TCP','EGRESS',NULL,NULL,0,1,1,65535,'0.0.0.0',50007,1,0,'0');
INSERT INTO `nat` (`oid_index`, `proto`, `direction`, `fkservice_pool`, `fkprot_grp`, `int_port`, `int_port_range`, `fkext_ip_ext`, `ext_port`, `rmt_ip`, `rmt_port`, `rmt_port_range`, `fkext_ip_ext_bak`, `rmt_ip_bak`) VALUES (72,'UDP','EGRESS',NULL,NULL,0,1,1,0,'0.0.0.0',31500,1,0,'0');
INSERT INTO `nat` (`oid_index`, `proto`, `direction`, `fkservice_pool`, `fkprot_grp`, `int_port`, `int_port_range`, `fkext_ip_ext`, `ext_port`, `rmt_ip`, `rmt_port`, `rmt_port_range`, `fkext_ip_ext_bak`, `rmt_ip_bak`) VALUES (73,'TCP','INGRESS',5,NULL,40001,1,15,40001,'0.0.0.0',0,1,0,'0');
INSERT INTO `nat` (`oid_index`, `proto`, `direction`, `fkservice_pool`, `fkprot_grp`, `int_port`, `int_port_range`, `fkext_ip_ext`, `ext_port`, `rmt_ip`, `rmt_port`, `rmt_port_range`, `fkext_ip_ext_bak`, `rmt_ip_bak`) VALUES (100,'TCP','INGRESS',NULL,1,2401,1,7,2401,'::0',0,1,0,'0');
INSERT INTO `nat` (`oid_index`, `proto`, `direction`, `fkservice_pool`, `fkprot_grp`, `int_port`, `int_port_range`, `fkext_ip_ext`, `ext_port`, `rmt_ip`, `rmt_port`, `rmt_port_range`, `fkext_ip_ext_bak`, `rmt_ip_bak`) VALUES (101,'TCP','INGRESS',2,1,3001,1,1,3001,'0.0.0.0',0,1,0,'0');
INSERT INTO `nat` (`oid_index`, `proto`, `direction`, `fkservice_pool`, `fkprot_grp`, `int_port`, `int_port_range`, `fkext_ip_ext`, `ext_port`, `rmt_ip`, `rmt_port`, `rmt_port_range`, `fkext_ip_ext_bak`, `rmt_ip_bak`) VALUES (102,'TCP','EGRESS',NULL,NULL,3101,100,1,65535,'0.0.0.0',0,1,0,'0');
INSERT INTO `nat` (`oid_index`, `proto`, `direction`, `fkservice_pool`, `fkprot_grp`, `int_port`, `int_port_range`, `fkext_ip_ext`, `ext_port`, `rmt_ip`, `rmt_port`, `rmt_port_range`, `fkext_ip_ext_bak`, `rmt_ip_bak`) VALUES (103,'TCP','INGRESS',2,1,2001,1,0,2001,'0.0.0.0',0,1,0,'0');
INSERT INTO `nat` (`oid_index`, `proto`, `direction`, `fkservice_pool`, `fkprot_grp`, `int_port`, `int_port_range`, `fkext_ip_ext`, `ext_port`, `rmt_ip`, `rmt_port`, `rmt_port_range`, `fkext_ip_ext_bak`, `rmt_ip_bak`) VALUES (104,'TCP','EGRESS',NULL,NULL,2101,100,0,65535,'0.0.0.0',0,1,0,'0');
INSERT INTO `nat` (`oid_index`, `proto`, `direction`, `fkservice_pool`, `fkprot_grp`, `int_port`, `int_port_range`, `fkext_ip_ext`, `ext_port`, `rmt_ip`, `rmt_port`, `rmt_port_range`, `fkext_ip_ext_bak`, `rmt_ip_bak`) VALUES (105,'UDP','EGRESS',NULL,NULL,5063,1,1,5063,'0.0.0.0',0,1,0,'0');
INSERT INTO `nat` (`oid_index`, `proto`, `direction`, `fkservice_pool`, `fkprot_grp`, `int_port`, `int_port_range`, `fkext_ip_ext`, `ext_port`, `rmt_ip`, `rmt_port`, `rmt_port_range`, `fkext_ip_ext_bak`, `rmt_ip_bak`) VALUES (106,'UDP','INGRESS',0,NULL,5063,1,1,5063,'0.0.0.0',0,1,0,'0');
INSERT INTO `nat` (`oid_index`, `proto`, `direction`, `fkservice_pool`, `fkprot_grp`, `int_port`, `int_port_range`, `fkext_ip_ext`, `ext_port`, `rmt_ip`, `rmt_port`, `rmt_port_range`, `fkext_ip_ext_bak`, `rmt_ip_bak`) VALUES (150,'TCP','EGRESS',NULL,NULL,2201,100,0,65535,'0.0.0.0',0,1,0,'0');
INSERT INTO `nat` (`oid_index`, `proto`, `direction`, `fkservice_pool`, `fkprot_grp`, `int_port`, `int_port_range`, `fkext_ip_ext`, `ext_port`, `rmt_ip`, `rmt_port`, `rmt_port_range`, `fkext_ip_ext_bak`, `rmt_ip_bak`) VALUES (151,'TCP','INGRESS',2,1,2301,1,0,2301,'0.0.0.0',0,1,0,'0');
INSERT INTO `nat` (`oid_index`, `proto`, `direction`, `fkservice_pool`, `fkprot_grp`, `int_port`, `int_port_range`, `fkext_ip_ext`, `ext_port`, `rmt_ip`, `rmt_port`, `rmt_port_range`, `fkext_ip_ext_bak`, `rmt_ip_bak`) VALUES (152,'TCP','INGRESS',3,NULL,5061,1,7,5061,'::0',0,1,0,'0');
INSERT INTO `normalization` (`oid_index`, `versionID`, `name`, `normalizationXml`, `timeStamp`) VALUES (0,0,'','<?xml version=\"1.0\" encoding=\"UTF-8\"?>\n<!--Sample XML file generated by XMLSpy v2010 (http://www.altova.com)-->\n<TRN xmlns:xsi=\"http://www.w3.org/2001/XMLSchema-instance\">\n	<ProfileName>a</ProfileName>\n	<Rules>\n	   <Ruleset id=\"1\">\n			<Priority>1</Priority>\n			<TriggerPoint>\n				<ConditionTypeCNF>true</ConditionTypeCNF>\n				<SPT id=\"0\">\n					<ConditionNegated>false</ConditionNegated>\n					<Group>0</Group>\n                    <Direction>OUTBOUND</Direction>\n                    <MessageType>REQUEST</MessageType>\n                    <Method>INVITE</Method>\n                    <Header>\n                    <Name>Request-URI</Name>\n                      <PatternMatch>urn:service:sos</PatternMatch>\n                    </Header>\n    		  </SPT>\n              <SPT id=\"1\">\n					<ConditionNegated>true</ConditionNegated>\n					<Group>1</Group>\n                    <Header>\n                    <Name>Priority</Name>\n                      <PatternMatch>emergency</PatternMatch>\n                    </Header>\n    		  </SPT>\n				</TriggerPoint>\n       	 <Action>\n          <Add>\n            <Header>\n              <Name>Priority</Name>\n            </Header>\n            <ReplacementValue>emergency</ReplacementValue>\n          </Add>\n          <Cause>CONTINUE</Cause>\n        </Action>	\n		</Ruleset>\n		<Ruleset id=\"2\">\n		   <Priority>100</Priority>\n		   <TriggerPoint>\n			<ConditionTypeCNF>true</ConditionTypeCNF>\n			<SPT id=\"2\">\n	  		  <ConditionNegated>false</ConditionNegated>\n			  <Group>0</Group>\n			  <Direction>OUTBOUND</Direction>\n			  <MessageType>REQUEST</MessageType>\n			  <Method>REGISTER</Method>\n	        </SPT>\n           </TriggerPoint>\n          <Action>\n           <Modify>\n            <Header>\n              <Name>P-Access-Network-Info</Name>\n            </Header>\n            <ReplacementValue>IEEE-802.11;i-wlan-node-id=000000000000</ReplacementValue>\n		   </Modify> \n          <Cause>CONTINUE</Cause>\n         </Action> \n        </Ruleset>\n\n	</Rules>\n</TRN>','2016-02-14 15:27:11');
INSERT INTO `normalization` (`oid_index`, `versionID`, `name`, `normalizationXml`, `timeStamp`) VALUES (1,1,'','<?xml version=\"1.0\" encoding=\"UTF-8\"?>\n<!--Sample XML file generated by XMLSpy v2010 (http://www.altova.com)-->\n<TRN xmlns:xsi=\"http://www.w3.org/2001/XMLSchema-instance\">\n	<ProfileName>a</ProfileName>\n	<Rules>\n	   <Ruleset id=\"1\">\n			<Priority>1</Priority>\n			<TriggerPoint>\n				<ConditionTypeCNF>true</ConditionTypeCNF>\n				<SPT id=\"0\">\n					<ConditionNegated>false</ConditionNegated>\n					<Group>0</Group>\n                    <Direction>OUTBOUND</Direction>\n                    <MessageType>RESPONSE</MessageType>\n                    <Method>REGISTER</Method>\n                    <ResponseCode>200</ResponseCode>\n		  </SPT>\n			</TriggerPoint>\n       	 <Action>\n          <Add>\n            <Header>\n              <Name>P-Emergency-Call-Mode-Preference</Name>\n            </Header>\n            <ReplacementValue>3GPP-IMS</ReplacementValue>\n          </Add>\n          <Cause>CONTINUE</Cause>\n        </Action>	\n		</Ruleset>\n        <Ruleset name=\"ra\" id=\"2\">\n          <Priority>100</Priority>\n          <TriggerPoint>\n          <ConditionTypeCNF>true</ConditionTypeCNF>\n          <SPT id=\"0\">\n            <ConditionNegated>false</ConditionNegated>\n            <Group>0</Group>\n            <Direction>OUTBOUND</Direction>\n            <MessageType>RESPONSE</MessageType>\n            <ResponseCode>5XX</ResponseCode>\n          </SPT>\n          </TriggerPoint>\n          <Action>\n           <Modify>\n            <Response>\n              <Code>480</Code>\n              <Reason>Temporarily Unavailable</Reason>\n            </Response>\n           </Modify>\n          <Cause>CONTINUE</Cause>\n   		  </Action>\n	    </Ruleset>\n	</Rules>\n</TRN>','2016-02-14 15:27:15');
INSERT INTO `normalization` (`oid_index`, `versionID`, `name`, `normalizationXml`, `timeStamp`) VALUES (2,0,'addtgrp','<?xml version=\"1.0\" encoding=\"UTF-8\" standalone=\"yes\"?>\n<TRN>\n    <ProfileName>addtgrp</ProfileName>\n    <Rules>\n        <Ruleset id=\"0\" name=\"addtgrp \">\n            <Priority>0</Priority>\n            <TriggerPoint>\n                <ConditionTypeCNF>true</ConditionTypeCNF>\n                <SPT id=\"0\">\n                    <ConditionNegated>false</ConditionNegated>\n                    <Group>0</Group>\n                    <Direction>INBOUND</Direction>\n                    <Method>INVITE</Method>\n                    <Header>\n                        <Name>Request-URI</Name>\n                        <PatternMatch>urn:service:sos</PatternMatch>\n                    </Header>\n                </SPT>\n            </TriggerPoint>\n            <Action>\n                <Add>\n                    <Header>\n                        <Name>Request-URI</Name>\n                    </Header>\n                    <Parameter>tgrp=xxx;trunk-context=xxx</Parameter>\n                </Add>\n                <Cause>CONTINUE</Cause>\n            </Action>\n        </Ruleset>\n    </Rules>\n</TRN>\n','2016-02-26 02:28:31');
INSERT INTO `oam_rx` (`oid_index`, `versionID`, `timeStamp`, `maxRetry`, `retryInterval`) VALUES (0,0,'2016-02-14 15:08:55',2,3000);
INSERT INTO `offLineCharging` (`oid_index`, `appType`, `offlineChargingMode`, `acrSessionKeepAlive`, `acrSessionKeepAliveInterval`, `acrServiceContext`, `acrMaxRetry`, `acrRetryInterval`, `rfBufferPeriod`, `versionID`, `timeStamp`) VALUES (1,'APP_TYPE_ECSCF','IMS_BILLING_CDR','FALSE',30,'10.32260@3gpp.org',3,5,0,0,'2015-04-15 11:20:30');
INSERT INTO `omaSettingForRms` (`oid_index`, `versionID`, `timeStamp`, `adhocSupported`, `networkSupportGRUU`, `adhocGroupSize`, `confFactUri`, `confExploderUri`, `adhocAnonymityAllowed`, `deferredMsgFuncUri`, `defStorageAllowed`, `defMsgStoredForNoPref`, `defMsgExpiry`, `deferredMsgMechanism`, `offlineDeliveryMethod`, `msgFromSmscOverSmppStored`, `offlineDeliveryActive`, `preDefGroupConfServer`, `userAgent`, `supportedClient`, `inMediaPath`, `setExpiresInNotify`, `groupClearPolicy`, `timerForNotifyAggregation`, `subsRetryAfter`, `minSubsExpires`, `longCallCdrDuration`, `numOfRemainingParticipants`, `psiForAdHocGroup`, `smGroupIwAllowed`, `checkRequireForAdhoc`, `sessionMaxLength`, `referPolicy`, `gruuForkingForOptions`, `sipInstanceForkingForOptions`, `optionsAggregationTimer`, `gruuForkingForPM`, `gruuForkingForLMFT`, `gruuForkingForSM`, `sipInstanceForkingForPM`, `sipInstanceForkingForLMFT`, `sipInstanceForkingForSM`, `defDlvEnabledForPM`, `defDlvEnabledForLMFT`, `defDlvEnabledForSM`, `defDelUri`, `sfExpiryTimer`, `dlvDefMsgRetryCounter`, `homeDomain`, `parallelDlvEnabled`, `numOfParallelDefMsg`, `forkingForInvite`, `forkDirectiveForInvite`, `defByeTimer`, `gruuUsedInForkingMsg`, `allowIwForSm`) VALUES (0,0,'2015-03-16 07:53:17','TRUE','TRUE',10,'sip:ADHOC@sha-st.mavenir.com','sip:ConferenceExploder@sha-it.mavenir.com','FALSE','sip:Deferred@sha-it.mavenir.com','TRUE','TRUE',24,'AT_PUBLISH','USING_MESSAGE','FALSE','TRUE','sip:preDefGroupUri@mavenir.com','IM-server/OMA1.0','all','FALSE','FALSE','INITOR_RELEASED',10,10,60,1800,1,'sip:psiForAdHoc@sha-it.mavenir.com','FALSE','TRUE',86400,'REFER_BY_ALL_PARTS','TRUE','TRUE',1000,'TRUE','TRUE','TRUE','FALSE','FALSE','FALSE','FALSE','FALSE','FALSE','sip:rcse-standfw@mavenir.com',24,1,NULL,'TRUE',5,'TRUE','PARALLEL',10,'PUB_GRUU','FALSE');
INSERT INTO `omaSettingForUag` (`oid_index`, `offlineChargingMode`, `acrSessionKeepAlive`, `acrSessionKeepAliveInterval`, `acrServiceContext`, `acrMaxRetry`, `acrRetryInterval`, `acrBufferMaxRetry`, `acrBufferRetryInterval`, `acrBufferMaxDuration`, `acrBufferBatchNum`, `partialRecordTimestamps`, `generateCDROnCallEst`, `longCallDurationLimit`, `callDurationMeasurementTrigger`, `partialCDROnSrvChg`, `alwaysRoundup`) VALUES (0,'OfflineChargingModeCDR','FALSE',30,'10.32260@3gpp.org',3,5,5,3,120,30,'PartialRecordTimestampsPartial','FALSE',15,'SIP_200_OK_INVITE','FALSE','FALSE');
INSERT INTO `param_metadata` (`oid_index`, `name`, `dataType`, `minValue`, `maxValue`, `value`) VALUES (0,'CLDPN',NULL,0,65535,'');
INSERT INTO `param_metadata` (`oid_index`, `name`, `dataType`, `minValue`, `maxValue`, `value`) VALUES (1,'CLNGPN',NULL,0,65535,'');
INSERT INTO `param_metadata` (`oid_index`, `name`, `dataType`, `minValue`, `maxValue`, `value`) VALUES (2,'REMPFX',NULL,0,65535,'');
INSERT INTO `param_metadata` (`oid_index`, `name`, `dataType`, `minValue`, `maxValue`, `value`) VALUES (3,'ADDPFX',NULL,0,65535,'');
INSERT INTO `param_metadata` (`oid_index`, `name`, `dataType`, `minValue`, `maxValue`, `value`) VALUES (4,'SETNAI',NULL,0,65535,'');
INSERT INTO `param_metadata` (`oid_index`, `name`, `dataType`, `minValue`, `maxValue`, `value`) VALUES (5,'TRNCAUSE',NULL,0,65535,'');
INSERT INTO `pcscfSettings` (`oid_index`, `versionID`, `timeStamp`, `defaultUserType`, `handleRoamingEmgcyReqWithoutReg`, `handleNonRoamingEmgcyReqWithoutReg`, `handleEmgcyRequestWithNonEmgcyReg`, `supportPriNetworkInd`, `keepDeviceForSubscription`, `keyForMtCall`, `emgcyReqUriPattern`, `pChargingFunctionAddress`, `pVisitedNetworkAddress`, `sip504ReasonForScscfRestoration`, `pcscfUserAgent`, `sip380ReasonForEmergencyForbidden`, `minRegExpiresOverGm`, `authticationExpires`, `defaultKeepAliveRegExpiresOverGm`, `defaultKeepAliveDialogOverGm`, `defaultRegExpiresOverMw`, `availableSALifetime`, `SAMarginTime`, `MaxSASupported`, `delaySaDeleteTime`, `delayIpAssoDeleteTime`, `ignoreCtcParamChange`, `fwdCtcParamAsReReg`, `clearCallWhenSaDisconnected`, `updateTlsTcpConnectionLifetime`, `unsubscribeWhenTerminated`, `overwriteExistingIpAS`, `checkUcPortChanged`, `checkUsPortUnchanged`, `allowSameSaConnForMultiRegId`, `allowSameConnForMultiRegId`, `releaseRegFlowWhenIpAssoDeleted`, `clearOldRegOnUnprotRegInAKA`, `disableAppKeepAliveForIPsec`, `forceSignalingSecurityForAka`, `notExposeScscfToUEInServiceRoute`, `fqdnForFakseServiceRoute`, `type1Ioi`, `recreateConnectionForMultiReg`, `recreateConnectionForNonMultiReg`, `includeAllSecurityItems`, `preferTLSOverMwMx`, `acceptRegistrations`, `redirectionProxyUri`, `registerRetryAfter`, `needTriggerSubscribe`, `topoHideGM`, `topoHideMWConfUri`, `topoHideMWNoneConfUri`, `allowAnalyzeNotifyBodyFlag`, `pAccessNetworkInfo`, `fwdPAccessNetworkInfo`, `liEnabled`, `checkImrsForLi`, `deRegRequiredViaUag`, `defaultAction`, `authDoneForAllRegRequest`, `fwdForkingResponse`, `delaySubscribeTime`, `reuseReliableConnForIPsec`, `delayToDelSubscription`, `supportRegisterId`, `validateContactUri`, `TrfUri`, `supportPrivacy`, `homeIdentityPattern`, `ignoreUEIPForUDPEnc`, `inMediaPathOfMultiMedia`, `inMediaPathOfMsrp`, `checkUCUSPCPSForDereg`, `removeRecordRoute`, `forceUseLastSA`, `renewOldSA`, `switchSaInCtx`, `forceRelayUEViaHeader`, `enableAHNAT`, `AHNTLearningSlot`, `AHNTLearningStep`, `timeForPeriodicAHNTDetection`, `maxTimeoutToRecoverAHNT`, `maxRegExpiresOverGm`, `changeContactInSubsequentReq`, `generatePvniFromPani`, `maxRetryTimeForSubscribe`, `forceUagModifyGmMwExpire`, `onlyMatchedSAItemForTheUserAgent`, `selectProtocolAccordingRegFlow`, `allowUDPFallbackToTCP`) VALUES (0,0,'2016-03-01 15:43:02','ALL_PREVILEGED','TRUE','TRUE','TRUE','FALSE','FALSE','mtcall','urn:service:sos.*|sip:\\+1{0,1}110@.*|tel:\\+911|sip:911|sip:\\+911','PCF.mavenir.com','visited.mavenir.com','timeout','Mavenir UAG/v1.0 PCSCF/v1.0','EmergencyCallForbidden',60,60,600,60,3600,32,10,3,10,10,'TRUE','TRUE','FALSE','TRUE','FALSE','TRUE','TRUE','TRUE','TRUE','TRUE','FALSE','ON_REQ','TRUE','TRUE','FALSE','invalid.com','Ioi1','FALSE','TRUE','TRUE','FALSE','TRUE','sip:otherproxy@mavenir.com',10,'FALSE','FALSE','FALSE','TRUE','FALSE','MavenirSCSCF','TRUE','TRUE','TRUE','FALSE','REJECT_SM','FALSE','TRUE',32,'FALSE',32,'FALSE','FALSE','sip:trf.mavenir.com','TRUE','.*.3gppnetwork.org','FALSE','TRUE','TRUE','TRUE','TRUE','FALSE','FALSE','FALSE','TRUE','FALSE',10,20,0,0,3600,'FALSE','FALSE',0,'FALSE','','TRUE','FALSE');
INSERT INTO `platform` (`oid_index`, `name`, `fksvcpkg`, `fkproduct`) VALUES (0,'Mavenir',0,0);
INSERT INTO `preferredAnswerAudioCodecSetting` (`oid_index`, `versionID`, `timeStamp`, `name`, `appType`, `netIntfType`, `fkpeer_addr`, `fkClientInfo`, `fkcodec`, `priority`) VALUES (0,0,'2016-02-23 19:37:05','','APP_TYPE_UNKNOWN','NET_INTERFACE_ANY',0,0,2,0);
INSERT INTO `preferredAnswerAudioCodecSetting` (`oid_index`, `versionID`, `timeStamp`, `name`, `appType`, `netIntfType`, `fkpeer_addr`, `fkClientInfo`, `fkcodec`, `priority`) VALUES (1,0,'2016-02-23 19:37:05','','APP_TYPE_UNKNOWN','NET_INTERFACE_ANY',0,0,3,0);
INSERT INTO `preferredAnswerAudioCodecSetting` (`oid_index`, `versionID`, `timeStamp`, `name`, `appType`, `netIntfType`, `fkpeer_addr`, `fkClientInfo`, `fkcodec`, `priority`) VALUES (2,0,'2016-02-23 19:37:05','','APP_TYPE_UNKNOWN','NET_INTERFACE_ANY',0,0,4,0);
INSERT INTO `preferredAnswerAudioCodecSetting` (`oid_index`, `versionID`, `timeStamp`, `name`, `appType`, `netIntfType`, `fkpeer_addr`, `fkClientInfo`, `fkcodec`, `priority`) VALUES (3,0,'2016-02-23 19:37:05','','APP_TYPE_UNKNOWN','NET_INTERFACE_ANY',0,0,5,0);
INSERT INTO `preferredAnswerAudioCodecSetting` (`oid_index`, `versionID`, `timeStamp`, `name`, `appType`, `netIntfType`, `fkpeer_addr`, `fkClientInfo`, `fkcodec`, `priority`) VALUES (9,0,'2016-02-23 19:37:05','','APP_TYPE_UNKNOWN','NET_INTERFACE_ANY',0,0,11,0);
INSERT INTO `preferredAnswerAudioCodecSetting` (`oid_index`, `versionID`, `timeStamp`, `name`, `appType`, `netIntfType`, `fkpeer_addr`, `fkClientInfo`, `fkcodec`, `priority`) VALUES (10,0,'2016-02-23 19:37:05','','APP_TYPE_UNKNOWN','NET_INTERFACE_ANY',0,0,12,0);
INSERT INTO `preferredOfferAudioCodecSetting` (`oid_index`, `versionID`, `timeStamp`, `name`, `appType`, `netIntfType`, `fkpeer_addr`, `fkClientInfo`, `fkcodec`, `priority`) VALUES (0,0,'2016-02-23 19:37:05','','APP_TYPE_UNKNOWN','NET_INTERFACE_ANY',0,0,2,0);
INSERT INTO `preferredOfferAudioCodecSetting` (`oid_index`, `versionID`, `timeStamp`, `name`, `appType`, `netIntfType`, `fkpeer_addr`, `fkClientInfo`, `fkcodec`, `priority`) VALUES (1,0,'2016-02-23 19:37:05','','APP_TYPE_UNKNOWN','NET_INTERFACE_ANY',0,0,3,0);
INSERT INTO `preferredOfferAudioCodecSetting` (`oid_index`, `versionID`, `timeStamp`, `name`, `appType`, `netIntfType`, `fkpeer_addr`, `fkClientInfo`, `fkcodec`, `priority`) VALUES (2,0,'2016-02-23 19:37:05','','APP_TYPE_UNKNOWN','NET_INTERFACE_ANY',0,0,4,0);
INSERT INTO `preferredOfferAudioCodecSetting` (`oid_index`, `versionID`, `timeStamp`, `name`, `appType`, `netIntfType`, `fkpeer_addr`, `fkClientInfo`, `fkcodec`, `priority`) VALUES (3,0,'2016-02-23 19:37:06','','APP_TYPE_UNKNOWN','NET_INTERFACE_ANY',0,0,5,0);
INSERT INTO `preferredOfferAudioCodecSetting` (`oid_index`, `versionID`, `timeStamp`, `name`, `appType`, `netIntfType`, `fkpeer_addr`, `fkClientInfo`, `fkcodec`, `priority`) VALUES (9,0,'2016-02-23 19:37:06','','APP_TYPE_UNKNOWN','NET_INTERFACE_ANY',0,0,11,0);
INSERT INTO `preferredOfferAudioCodecSetting` (`oid_index`, `versionID`, `timeStamp`, `name`, `appType`, `netIntfType`, `fkpeer_addr`, `fkClientInfo`, `fkcodec`, `priority`) VALUES (10,0,'2016-02-23 19:37:06','','APP_TYPE_UNKNOWN','NET_INTERFACE_ANY',0,0,12,0);
INSERT INTO `product` (`oid_index`, `type`, `vendor`, `hw_release`, `sw_release`, `serial_nbr`, `part_nbr`, `status`, `domain_name`, `fksolution`, `fkcontact`, `fklocation`) VALUES (0,'UAG','0','0','..','0','0',0,'0',0,0,0);
INSERT INTO `program` (`oid_index`, `initTimeOut`, `restartLimit`, `keepAliveLimit`, `keepAliveInterval`, `execType`, `level`, `path`, `name`, `argument`) VALUES (0,2000,100,100,30,'PGM_CRITICALITY_LEVEL_NONCRITICAL','PGM_SYSTEM','/usr/IMS/current/bin/','SM','');
INSERT INTO `program` (`oid_index`, `initTimeOut`, `restartLimit`, `keepAliveLimit`, `keepAliveInterval`, `execType`, `level`, `path`, `name`, `argument`) VALUES (1,2000,100,100,30,'PGM_CRITICALITY_LEVEL_NONCRITICAL','PGM_SYSTEM','/usr/IMS/current/bin/','mcmserver','/usr/IMS/current/bin/mcmserver -port=44555 -configpath=/usr/IMS/current/schema');
INSERT INTO `program` (`oid_index`, `initTimeOut`, `restartLimit`, `keepAliveLimit`, `keepAliveInterval`, `execType`, `level`, `path`, `name`, `argument`) VALUES (2,2000,100,100,30,'PGM_CRITICALITY_LEVEL_NONCRITICAL','PGM_APP','/usr/IMS/current/bin/','dbMonMgr','');
INSERT INTO `program` (`oid_index`, `initTimeOut`, `restartLimit`, `keepAliveLimit`, `keepAliveInterval`, `execType`, `level`, `path`, `name`, `argument`) VALUES (3,2000,100,100,30,'PGM_CRITICALITY_LEVEL_NONCRITICAL','PGM_APP','/usr/IMS/current/bin/','emsserver','-cp /usr/IMS/current/bin/emsjms.jar');
INSERT INTO `program` (`oid_index`, `initTimeOut`, `restartLimit`, `keepAliveLimit`, `keepAliveInterval`, `execType`, `level`, `path`, `name`, `argument`) VALUES (4,2000,100,100,30,'PGM_CRITICALITY_LEVEL_NONCRITICAL','PGM_APP','/usr/IMS/current/bin/','tmmserver','/usr/IMS/current/tmm_def/');
INSERT INTO `program` (`oid_index`, `initTimeOut`, `restartLimit`, `keepAliveLimit`, `keepAliveInterval`, `execType`, `level`, `path`, `name`, `argument`) VALUES (5,2000,100,100,30,'PGM_CRITICALITY_LEVEL_NONCRITICAL','PGM_SYSTEM','/usr/IMS/current/bin/','evmserver','');
INSERT INTO `program` (`oid_index`, `initTimeOut`, `restartLimit`, `keepAliveLimit`, `keepAliveInterval`, `execType`, `level`, `path`, `name`, `argument`) VALUES (6,2000,100,100,30,'PGM_CRITICALITY_LEVEL_NONCRITICAL','PGM_APP','/usr/IMS/current/bin/','auditMgr','');
INSERT INTO `program` (`oid_index`, `initTimeOut`, `restartLimit`, `keepAliveLimit`, `keepAliveInterval`, `execType`, `level`, `path`, `name`, `argument`) VALUES (7,2000,100,100,30,'PGM_CRITICALITY_LEVEL_NONCRITICAL','PGM_APP','/usr/IMS/current/bin/','backupMgr','');
INSERT INTO `program` (`oid_index`, `initTimeOut`, `restartLimit`, `keepAliveLimit`, `keepAliveInterval`, `execType`, `level`, `path`, `name`, `argument`) VALUES (8,2000,100,100,30,'PGM_CRITICALITY_LEVEL_NONCRITICAL','PGM_APP','/usr/IMS/current/bin/','cdrLogger','');
INSERT INTO `program` (`oid_index`, `initTimeOut`, `restartLimit`, `keepAliveLimit`, `keepAliveInterval`, `execType`, `level`, `path`, `name`, `argument`) VALUES (9,2000,100,100,30,'PGM_CRITICALITY_LEVEL_NONCRITICAL','PGM_APP','/usr/IMS/current/bin/','perfMonServer','');
INSERT INTO `program` (`oid_index`, `initTimeOut`, `restartLimit`, `keepAliveLimit`, `keepAliveInterval`, `execType`, `level`, `path`, `name`, `argument`) VALUES (10,2000,100,100,30,'PGM_CRITICALITY_LEVEL_NONCRITICAL','PGM_APP','/usr/IMS/current/bin/','perfMonAgent','');
INSERT INTO `program` (`oid_index`, `initTimeOut`, `restartLimit`, `keepAliveLimit`, `keepAliveInterval`, `execType`, `level`, `path`, `name`, `argument`) VALUES (11,2000,100,100,30,'PGM_CRITICALITY_LEVEL_NONCRITICAL','PGM_APP','/usr/IMS/current/bin/','FM','');
INSERT INTO `program` (`oid_index`, `initTimeOut`, `restartLimit`, `keepAliveLimit`, `keepAliveInterval`, `execType`, `level`, `path`, `name`, `argument`) VALUES (12,2000,100,100,30,'PGM_CRITICALITY_LEVEL_NONCRITICAL','PGM_APP','/usr/IMS/current/bin/','dm','--ReplThreads=1 --HashTables=1 --WorkerThreads=1');
INSERT INTO `program` (`oid_index`, `initTimeOut`, `restartLimit`, `keepAliveLimit`, `keepAliveInterval`, `execType`, `level`, `path`, `name`, `argument`) VALUES (13,2000,100,100,30,'PGM_CRITICALITY_LEVEL_NONCRITICAL','PGM_APP','/usr/IMS/current/bin/','ovldMgr','');
INSERT INTO `program` (`oid_index`, `initTimeOut`, `restartLimit`, `keepAliveLimit`, `keepAliveInterval`, `execType`, `level`, `path`, `name`, `argument`) VALUES (14,2000,100,100,30,'PGM_CRITICALITY_LEVEL_NONCRITICAL','PGM_APP','/usr/IMS/current/bin/','ovldMon','');
INSERT INTO `program` (`oid_index`, `initTimeOut`, `restartLimit`, `keepAliveLimit`, `keepAliveInterval`, `execType`, `level`, `path`, `name`, `argument`) VALUES (15,2000,100,100,30,'PGM_CRITICALITY_LEVEL_NONCRITICAL','PGM_SYSTEM','/usr/IMS/current/bin/','snmpd','-d -p /etc/');
INSERT INTO `program` (`oid_index`, `initTimeOut`, `restartLimit`, `keepAliveLimit`, `keepAliveInterval`, `execType`, `level`, `path`, `name`, `argument`) VALUES (16,2000,100,100,30,'PGM_CRITICALITY_LEVEL_NONCRITICAL','PGM_APP','/usr/IMS/current/bin/','dpMgr','--FPCritical=0');
INSERT INTO `program` (`oid_index`, `initTimeOut`, `restartLimit`, `keepAliveLimit`, `keepAliveInterval`, `execType`, `level`, `path`, `name`, `argument`) VALUES (17,2000,100,100,30,'PGM_CRITICALITY_LEVEL_NONCRITICAL','PGM_APP','/usr/IMS/current/bin/','lrf','--ThreadNum=2');
INSERT INTO `program` (`oid_index`, `initTimeOut`, `restartLimit`, `keepAliveLimit`, `keepAliveInterval`, `execType`, `level`, `path`, `name`, `argument`) VALUES (19,2000,100,100,30,'PGM_CRITICALITY_LEVEL_NONCRITICAL','PGM_SYS_APP','/usr/IMS/current/bin/','traceServer','');
INSERT INTO `program` (`oid_index`, `initTimeOut`, `restartLimit`, `keepAliveLimit`, `keepAliveInterval`, `execType`, `level`, `path`, `name`, `argument`) VALUES (20,2000,100,100,30,'PGM_CRITICALITY_LEVEL_NONCRITICAL','PGM_APP','/usr/IMS/current/bin/','diamMgr','');
INSERT INTO `program` (`oid_index`, `initTimeOut`, `restartLimit`, `keepAliveLimit`, `keepAliveInterval`, `execType`, `level`, `path`, `name`, `argument`) VALUES (21,2000,100,100,30,'PGM_CRITICALITY_LEVEL_NONCRITICAL','PGM_APP','/usr/IMS/current/bin/','sipMgr','--ClientPortRng=yes');
INSERT INTO `program` (`oid_index`, `initTimeOut`, `restartLimit`, `keepAliveLimit`, `keepAliveInterval`, `execType`, `level`, `path`, `name`, `argument`) VALUES (22,2000,100,100,30,'PGM_CRITICALITY_LEVEL_NONCRITICAL','PGM_APP','/usr/IMS/current/bin/','dnsResolver','');
INSERT INTO `program` (`oid_index`, `initTimeOut`, `restartLimit`, `keepAliveLimit`, `keepAliveInterval`, `execType`, `level`, `path`, `name`, `argument`) VALUES (23,2000,100,100,30,'PGM_CRITICALITY_LEVEL_NONCRITICAL','PGM_APP','/usr/IMS/current/bin/','throttMgr','');
INSERT INTO `program` (`oid_index`, `initTimeOut`, `restartLimit`, `keepAliveLimit`, `keepAliveInterval`, `execType`, `level`, `path`, `name`, `argument`) VALUES (24,2000,100,100,30,'PGM_CRITICALITY_LEVEL_NONCRITICAL','PGM_APP','/usr/IMS/current/bin/','ss7UMgr','');
INSERT INTO `program` (`oid_index`, `initTimeOut`, `restartLimit`, `keepAliveLimit`, `keepAliveInterval`, `execType`, `level`, `path`, `name`, `argument`) VALUES (25,2000,100,100,30,'PGM_CRITICALITY_LEVEL_NONCRITICAL','PGM_APP','/usr/IMS/current/bin/','ss7StackMgr','');
INSERT INTO `program` (`oid_index`, `initTimeOut`, `restartLimit`, `keepAliveLimit`, `keepAliveInterval`, `execType`, `level`, `path`, `name`, `argument`) VALUES (26,2000,100,100,30,'PGM_CRITICALITY_LEVEL_NONCRITICAL','PGM_APP','/usr/IMS/current/bin/','aifMgr','');
INSERT INTO `program` (`oid_index`, `initTimeOut`, `restartLimit`, `keepAliveLimit`, `keepAliveInterval`, `execType`, `level`, `path`, `name`, `argument`) VALUES (27,2000,100,100,30,'PGM_CRITICALITY_LEVEL_NONCRITICAL','PGM_APP','/usr/IMS/current/bin/','facMgr','');
INSERT INTO `program` (`oid_index`, `initTimeOut`, `restartLimit`, `keepAliveLimit`, `keepAliveInterval`, `execType`, `level`, `path`, `name`, `argument`) VALUES (28,2000,100,100,30,'PGM_CRITICALITY_LEVEL_NONCRITICAL','PGM_APP','/usr/IMS/current/bin/','sipIfMgr','');
INSERT INTO `program` (`oid_index`, `initTimeOut`, `restartLimit`, `keepAliveLimit`, `keepAliveInterval`, `execType`, `level`, `path`, `name`, `argument`) VALUES (29,2000,100,100,30,'PGM_CRITICALITY_LEVEL_NONCRITICAL','PGM_APP','/usr/IMS/current/bin/','rmsMgr','');
INSERT INTO `program` (`oid_index`, `initTimeOut`, `restartLimit`, `keepAliveLimit`, `keepAliveInterval`, `execType`, `level`, `path`, `name`, `argument`) VALUES (30,2000,100,100,30,'PGM_CRITICALITY_LEVEL_CRITICAL','PGM_APP','/usr/IMS/current/bin/','tcMgr','--numWorkerThreads=5 --type=0');
INSERT INTO `program` (`oid_index`, `initTimeOut`, `restartLimit`, `keepAliveLimit`, `keepAliveInterval`, `execType`, `level`, `path`, `name`, `argument`) VALUES (31,2000,100,100,30,'PGM_CRITICALITY_LEVEL_NONCRITICAL','PGM_APP','/usr/IMS/current/bin/','userDataMgr','');
INSERT INTO `program` (`oid_index`, `initTimeOut`, `restartLimit`, `keepAliveLimit`, `keepAliveInterval`, `execType`, `level`, `path`, `name`, `argument`) VALUES (33,2000,100,100,30,'PGM_CRITICALITY_LEVEL_NONCRITICAL','PGM_APP','/usr/IMS/current/bin/','ecscf','--ThreadNum=2 --ctfThreadNum=2');
INSERT INTO `program` (`oid_index`, `initTimeOut`, `restartLimit`, `keepAliveLimit`, `keepAliveInterval`, `execType`, `level`, `path`, `name`, `argument`) VALUES (34,2000,100,100,30,'PGM_CRITICALITY_LEVEL_NONCRITICAL','PGM_APP','/usr/IMS/current/bin/','mm1HttpSrvMgr','');
INSERT INTO `program` (`oid_index`, `initTimeOut`, `restartLimit`, `keepAliveLimit`, `keepAliveInterval`, `execType`, `level`, `path`, `name`, `argument`) VALUES (35,2000,100,100,30,'PGM_CRITICALITY_LEVEL_NONCRITICAL','PGM_APP','/usr/IMS/current/bin/','ccsMgr','');
INSERT INTO `program` (`oid_index`, `initTimeOut`, `restartLimit`, `keepAliveLimit`, `keepAliveInterval`, `execType`, `level`, `path`, `name`, `argument`) VALUES (36,2000,0,100,30,'PGM_CRITICALITY_LEVEL_NONCRITICAL','PGM_APP','/usr/IMS/current/bin/','msrpMgr','--ThreadNum=1 --RM=yes');
INSERT INTO `program` (`oid_index`, `initTimeOut`, `restartLimit`, `keepAliveLimit`, `keepAliveInterval`, `execType`, `level`, `path`, `name`, `argument`) VALUES (37,2000,100,100,30,'PGM_CRITICALITY_LEVEL_NONCRITICAL','PGM_APP','/usr/IMS/current/bin/','iwUaMgr','');
INSERT INTO `program` (`oid_index`, `initTimeOut`, `restartLimit`, `keepAliveLimit`, `keepAliveInterval`, `execType`, `level`, `path`, `name`, `argument`) VALUES (38,2000,100,100,30,'PGM_CRITICALITY_LEVEL_NONCRITICAL','PGM_APP','/usr/IMS/current/bin/','iwEventMgr','');
INSERT INTO `program` (`oid_index`, `initTimeOut`, `restartLimit`, `keepAliveLimit`, `keepAliveInterval`, `execType`, `level`, `path`, `name`, `argument`) VALUES (39,2000,100,100,30,'PGM_CRITICALITY_LEVEL_NONCRITICAL','PGM_APP','/usr/IMS/current/bin/','saMgr','--ThreadNum=1');
INSERT INTO `program` (`oid_index`, `initTimeOut`, `restartLimit`, `keepAliveLimit`, `keepAliveInterval`, `execType`, `level`, `path`, `name`, `argument`) VALUES (40,2000,100,100,30,'PGM_CRITICALITY_LEVEL_NONCRITICAL','PGM_APP','/usr/IMS/current/bin/','pcscfMgr','--ThreadNum=18');
INSERT INTO `program` (`oid_index`, `initTimeOut`, `restartLimit`, `keepAliveLimit`, `keepAliveInterval`, `execType`, `level`, `path`, `name`, `argument`) VALUES (41,2000,100,100,30,'PGM_CRITICALITY_LEVEL_NONCRITICAL','PGM_APP','/usr/IMS/current/bin/','swmgr','');
INSERT INTO `program` (`oid_index`, `initTimeOut`, `restartLimit`, `keepAliveLimit`, `keepAliveInterval`, `execType`, `level`, `path`, `name`, `argument`) VALUES (42,2000,100,100,30,'PGM_CRITICALITY_LEVEL_NONCRITICAL','PGM_APP','/usr/IMS/current/bin/','dmAudit','');
INSERT INTO `program` (`oid_index`, `initTimeOut`, `restartLimit`, `keepAliveLimit`, `keepAliveInterval`, `execType`, `level`, `path`, `name`, `argument`) VALUES (43,2000,100,100,30,'PGM_CRITICALITY_LEVEL_NONCRITICAL','PGM_APP','/usr/IMS/current/bin/','smppMgr','');
INSERT INTO `program` (`oid_index`, `initTimeOut`, `restartLimit`, `keepAliveLimit`, `keepAliveInterval`, `execType`, `level`, `path`, `name`, `argument`) VALUES (44,2000,100,100,30,'PGM_CRITICALITY_LEVEL_NONCRITICAL','PGM_APP','/usr/IMS/current/bin/','xcapMgr','');
INSERT INTO `program` (`oid_index`, `initTimeOut`, `restartLimit`, `keepAliveLimit`, `keepAliveInterval`, `execType`, `level`, `path`, `name`, `argument`) VALUES (45,2000,100,100,30,'PGM_CRITICALITY_LEVEL_NONCRITICAL','PGM_APP','/usr/IMS/current/bin/','rsmMgr','');
INSERT INTO `program` (`oid_index`, `initTimeOut`, `restartLimit`, `keepAliveLimit`, `keepAliveInterval`, `execType`, `level`, `path`, `name`, `argument`) VALUES (46,2000,100,100,30,'PGM_CRITICALITY_LEVEL_NONCRITICAL','PGM_APP','/usr/IMS/current/bin/','smtpMgr','');
INSERT INTO `program` (`oid_index`, `initTimeOut`, `restartLimit`, `keepAliveLimit`, `keepAliveInterval`, `execType`, `level`, `path`, `name`, `argument`) VALUES (47,2000,100,100,30,'PGM_CRITICALITY_LEVEL_NONCRITICAL','PGM_APP','/usr/IMS/current/bin/','subSrv','');
INSERT INTO `program` (`oid_index`, `initTimeOut`, `restartLimit`, `keepAliveLimit`, `keepAliveInterval`, `execType`, `level`, `path`, `name`, `argument`) VALUES (48,2000,100,100,30,'PGM_CRITICALITY_LEVEL_NONCRITICAL','PGM_APP','/usr/IMS/current/bin/','mOneSubMgr','');
INSERT INTO `program` (`oid_index`, `initTimeOut`, `restartLimit`, `keepAliveLimit`, `keepAliveInterval`, `execType`, `level`, `path`, `name`, `argument`) VALUES (49,2000,100,100,30,'PGM_CRITICALITY_LEVEL_NONCRITICAL','PGM_APP','/usr/IMS/current/bin/','mm7SoapMgr','');
INSERT INTO `program` (`oid_index`, `initTimeOut`, `restartLimit`, `keepAliveLimit`, `keepAliveInterval`, `execType`, `level`, `path`, `name`, `argument`) VALUES (50,2000,100,100,30,'PGM_CRITICALITY_LEVEL_NONCRITICAL','PGM_APP','/usr/IMS/current/bin/','profMgr','');
INSERT INTO `program` (`oid_index`, `initTimeOut`, `restartLimit`, `keepAliveLimit`, `keepAliveInterval`, `execType`, `level`, `path`, `name`, `argument`) VALUES (51,2000,100,100,30,'PGM_CRITICALITY_LEVEL_NONCRITICAL','PGM_APP','/usr/IMS/current/bin/','httpClientMgr','');
INSERT INTO `program` (`oid_index`, `initTimeOut`, `restartLimit`, `keepAliveLimit`, `keepAliveInterval`, `execType`, `level`, `path`, `name`, `argument`) VALUES (52,2000,100,100,30,'PGM_CRITICALITY_LEVEL_NONCRITICAL','PGM_APP','/usr/IMS/current/bin/','ldapMgr','');
INSERT INTO `program` (`oid_index`, `initTimeOut`, `restartLimit`, `keepAliveLimit`, `keepAliveInterval`, `execType`, `level`, `path`, `name`, `argument`) VALUES (53,2000,100,100,30,'PGM_CRITICALITY_LEVEL_NONCRITICAL','PGM_APP','/usr/IMS/current/bin/','ibcfMgr','--ThreadNum=1 --RM=no');
INSERT INTO `program` (`oid_index`, `initTimeOut`, `restartLimit`, `keepAliveLimit`, `keepAliveInterval`, `execType`, `level`, `path`, `name`, `argument`) VALUES (54,2000,100,100,30,'PGM_CRITICALITY_LEVEL_NONCRITICAL','PGM_APP','/usr/IMS/current/bin/','lightySoapMgr','');
INSERT INTO `program` (`oid_index`, `initTimeOut`, `restartLimit`, `keepAliveLimit`, `keepAliveInterval`, `execType`, `level`, `path`, `name`, `argument`) VALUES (55,2000,100,100,30,'PGM_CRITICALITY_LEVEL_NONCRITICAL','PGM_APP','/usr/IMS/current/bin/','webSrvMgr','');
INSERT INTO `program` (`oid_index`, `initTimeOut`, `restartLimit`, `keepAliveLimit`, `keepAliveInterval`, `execType`, `level`, `path`, `name`, `argument`) VALUES (56,2000,100,100,30,'PGM_CRITICALITY_LEVEL_NONCRITICAL','PGM_APP','/usr/IMS/current/bin/','oamHttpClientMgr','');
INSERT INTO `program` (`oid_index`, `initTimeOut`, `restartLimit`, `keepAliveLimit`, `keepAliveInterval`, `execType`, `level`, `path`, `name`, `argument`) VALUES (57,2000,100,100,30,'PGM_CRITICALITY_LEVEL_NONCRITICAL','PGM_APP','/usr/IMS/current/bin/','mpcMgr','--ThreadNum=1');
INSERT INTO `program` (`oid_index`, `initTimeOut`, `restartLimit`, `keepAliveLimit`, `keepAliveInterval`, `execType`, `level`, `path`, `name`, `argument`) VALUES (58,2000,100,100,30,'PGM_CRITICALITY_LEVEL_NONCRITICAL','PGM_APP','/usr/IMS/current/bin/','mppMgr','--ThreadNum=2 --nitrox=0');
INSERT INTO `program` (`oid_index`, `initTimeOut`, `restartLimit`, `keepAliveLimit`, `keepAliveInterval`, `execType`, `level`, `path`, `name`, `argument`) VALUES (59,2000,100,100,30,'PGM_CRITICALITY_LEVEL_NONCRITICAL','PGM_APP','/usr/IMS/current/bin/','bladeMon',' --scriptdir=/usr/IMS/current/bin --ethportmoninterval=200 --ethportretrycount=2 --rebootscript=/usr/IMS/current/bin/customReboot-octeon.sh --pinginterval=200 --pingretrycount=3');
INSERT INTO `program` (`oid_index`, `initTimeOut`, `restartLimit`, `keepAliveLimit`, `keepAliveInterval`, `execType`, `level`, `path`, `name`, `argument`) VALUES (60,2000,100,100,30,'PGM_CRITICALITY_LEVEL_NONCRITICAL','PGM_APP','/usr/IMS/current/bin/','oamMgr','');
INSERT INTO `program` (`oid_index`, `initTimeOut`, `restartLimit`, `keepAliveLimit`, `keepAliveInterval`, `execType`, `level`, `path`, `name`, `argument`) VALUES (61,2000,100,100,30,'PGM_CRITICALITY_LEVEL_NONCRITICAL','PGM_APP','/usr/IMS/current/bin/','atcfMgr','--ThreadNum=18');
INSERT INTO `program` (`oid_index`, `initTimeOut`, `restartLimit`, `keepAliveLimit`, `keepAliveInterval`, `execType`, `level`, `path`, `name`, `argument`) VALUES (62,2000,100,100,30,'PGM_CRITICALITY_LEVEL_NONCRITICAL','PGM_APP','/usr/IMS/current/bin/','utimacoLiClient','');
INSERT INTO `program` (`oid_index`, `initTimeOut`, `restartLimit`, `keepAliveLimit`, `keepAliveInterval`, `execType`, `level`, `path`, `name`, `argument`) VALUES (63,2000,100,100,30,'PGM_CRITICALITY_LEVEL_NONCRITICAL','PGM_APP','/usr/IMS/current/bin/','utimacoLiServer','');
INSERT INTO `programSecurity` (`oid_index`, `level`, `fkprogram`) VALUES (11,'SECURITY_ROOT',55);
INSERT INTO `prot_grp` (`oid_index`, `name`, `type`, `fkovld_component`, `fksw_bundle`) VALUES (0,'ADM','TYPE_1_1_A_S',0,0);
INSERT INTO `prot_grp` (`oid_index`, `name`, `type`, `fkovld_component`, `fksw_bundle`) VALUES (1,'CE','TYPE_1_1_A_S',0,1);
INSERT INTO `prot_grp` (`oid_index`, `name`, `type`, `fkovld_component`, `fksw_bundle`) VALUES (2,'MP','TYPE_1_1_A_S',0,2);
INSERT INTO `prot_grp` (`oid_index`, `name`, `type`, `fkovld_component`, `fksw_bundle`) VALUES (3,'TC1','TYPE_1_1_A_S',0,4);
INSERT INTO `prot_grp` (`oid_index`, `name`, `type`, `fkovld_component`, `fksw_bundle`) VALUES (4,'RM','TYPE_1_1_A_S',0,3);
INSERT INTO `prot_grp` (`oid_index`, `name`, `type`, `fkovld_component`, `fksw_bundle`) VALUES (5,'DM','TYPE_1_1_A_S',0,5);
INSERT INTO `prot_grp_diam_app_map` (`oid_index`, `fkdiam_app`, `fkapp_service_port`, `listenPort`, `listenPortTLS`, `admin_state`) VALUES (0,0,43,3868,5658,'UNLOCKED');
INSERT INTO `protoThrottlingPolicy` (`oid_index`, `versionID`, `timeStamp`, `name`, `fkservice`, `fkpeer_addr`, `method`, `fkthrottling`) VALUES (0,0,'2015-03-16 07:53:21','',0,0,NULL,0);
INSERT INTO `protoThrottlingPolicy` (`oid_index`, `versionID`, `timeStamp`, `name`, `fkservice`, `fkpeer_addr`, `method`, `fkthrottling`) VALUES (1,0,'2015-03-16 07:53:21','',1,0,NULL,0);
INSERT INTO `protoThrottlingPolicy` (`oid_index`, `versionID`, `timeStamp`, `name`, `fkservice`, `fkpeer_addr`, `method`, `fkthrottling`) VALUES (2,0,'2015-03-16 07:53:21','',2,6,NULL,0);
INSERT INTO `protoThrottlingPolicy` (`oid_index`, `versionID`, `timeStamp`, `name`, `fkservice`, `fkpeer_addr`, `method`, `fkthrottling`) VALUES (3,0,'2015-03-16 07:53:21','',3,0,NULL,0);
INSERT INTO `protoThrottlingPolicy` (`oid_index`, `versionID`, `timeStamp`, `name`, `fkservice`, `fkpeer_addr`, `method`, `fkthrottling`) VALUES (4,0,'2015-03-16 07:53:21','',4,6,NULL,0);
INSERT INTO `protoThrottlingPolicy` (`oid_index`, `versionID`, `timeStamp`, `name`, `fkservice`, `fkpeer_addr`, `method`, `fkthrottling`) VALUES (5,0,'2015-03-16 07:53:21','',4,0,NULL,0);
INSERT INTO `proto_throttling_setting` (`oid_index`, `versionID`, `timeStamp`, `name`, `maxBurstInboundRateTotal`, `maxBurstInboundTotal`, `maxBurstInboundPerPeer`, `inboundBurstInterval`, `maxBurstOutboundRateTotal`, `maxBurstOutboundTotal`, `maxBurstOutboundPerPeer`, `outboundBurstInterval`, `maxSustainedRateInboundTotal`, `maxSustainedRateInboundPerPeer`, `maxSustainedRateOutboundTotal`, `maxSustainedRateOutboundPerPeer`, `maxTransitRatio`) VALUES (0,0,'2015-03-16 07:53:21','',0,0,0,0,0,0,0,0,0,0,0,0,1000);
INSERT INTO `proto_throttling_setting` (`oid_index`, `versionID`, `timeStamp`, `name`, `maxBurstInboundRateTotal`, `maxBurstInboundTotal`, `maxBurstInboundPerPeer`, `inboundBurstInterval`, `maxBurstOutboundRateTotal`, `maxBurstOutboundTotal`, `maxBurstOutboundPerPeer`, `outboundBurstInterval`, `maxSustainedRateInboundTotal`, `maxSustainedRateInboundPerPeer`, `maxSustainedRateOutboundTotal`, `maxSustainedRateOutboundPerPeer`, `maxTransitRatio`) VALUES (1,0,'2016-03-08 17:42:20','',0,0,0,0,0,0,0,0,5,0,0,0,1000);
INSERT INTO `realm` (`oid_index`, `name`, `net_intf_type`, `isTrusted`, `status`) VALUES (0,'realm-default','NET_INTERFACE_ANY',0,'STATUS_UNLOCK');
INSERT INTO `realm` (`oid_index`, `name`, `net_intf_type`, `isTrusted`, `status`) VALUES (1,'realm-gm','NET_INTERFACE_GM',0,'STATUS_UNLOCK');
INSERT INTO `realm` (`oid_index`, `name`, `net_intf_type`, `isTrusted`, `status`) VALUES (2,'realm-mw','NET_INTERFACE_MW',1,'STATUS_UNLOCK');
INSERT INTO `realm` (`oid_index`, `name`, `net_intf_type`, `isTrusted`, `status`) VALUES (3,'realm-gm-ipv4tls','NET_INTERFACE_GM',0,'STATUS_UNLOCK');
INSERT INTO `realm` (`oid_index`, `name`, `net_intf_type`, `isTrusted`, `status`) VALUES (4,'realm-mwmx','NET_INTERFACE_MWMX',1,'STATUS_UNLOCK');
INSERT INTO `realm` (`oid_index`, `name`, `net_intf_type`, `isTrusted`, `status`) VALUES (5,'realm-gm-ipv6-2','NET_INTERFACE_GM',0,'STATUS_UNLOCK');
INSERT INTO `realm` (`oid_index`, `name`, `net_intf_type`, `isTrusted`, `status`) VALUES (6,'realm-ecscf','NET_INTERFACE_MW',1,'STATUS_UNLOCK');
INSERT INTO `realm` (`oid_index`, `name`, `net_intf_type`, `isTrusted`, `status`) VALUES (11,'realm-gm-ipv6','NET_INTERFACE_GM',0,'STATUS_UNLOCK');
INSERT INTO `realm_intf_map` (`oid_index`, `fkrealm`, `fkintf`, `fknodeid`) VALUES (0,0,1,0);
INSERT INTO `realm_intf_map` (`oid_index`, `fkrealm`, `fkintf`, `fknodeid`) VALUES (1,1,1,0);
INSERT INTO `realm_intf_map` (`oid_index`, `fkrealm`, `fkintf`, `fknodeid`) VALUES (2,2,1,0);
INSERT INTO `realm_intf_map` (`oid_index`, `fkrealm`, `fkintf`, `fknodeid`) VALUES (3,4,1,0);
INSERT INTO `realm_intf_map` (`oid_index`, `fkrealm`, `fkintf`, `fknodeid`) VALUES (11,11,1,0);
INSERT INTO `registerSettings` (`oid_index`, `versionID`, `timeStamp`, `name`, `maxAllowedConcurrentRegFlowsTotal`, `maxAllowedConcurrentRegFlowsPerPeer`) VALUES (0,0,'2015-03-16 07:53:21','reg',0,0);
INSERT INTO `remote_network` (`oid_index`, `name`, `subnet`, `subnetType`, `fqdn`, `fkrealm`) VALUES (0,'remote-0','0.0.0.0/0','IP_V4','fqdn1.sha-it.mavenir.com',0);
INSERT INTO `remote_network` (`oid_index`, `name`, `subnet`, `subnetType`, `fqdn`, `fkrealm`) VALUES (1,'remote-1','0.0.0.0/0','IP_V4','fqdn2.sha-it.mavenir.com',1);
INSERT INTO `remote_network` (`oid_index`, `name`, `subnet`, `subnetType`, `fqdn`, `fkrealm`) VALUES (2,'CoreNet','0.0.0.0/0','IP_V4','fqdn2.sha-it.mavenir.com',2);
INSERT INTO `remote_network` (`oid_index`, `name`, `subnet`, `subnetType`, `fqdn`, `fkrealm`) VALUES (3,'remote-3','0.0.0.0/0','IP_V4','fqdn3.sha-it.mavenir.com',3);
INSERT INTO `remote_network` (`oid_index`, `name`, `subnet`, `subnetType`, `fqdn`, `fkrealm`) VALUES (4,'remote-4','0.0.0.0/0','IP_V4','fqdn3.sha-it.mavenir.com',4);
INSERT INTO `remote_network` (`oid_index`, `name`, `subnet`, `subnetType`, `fqdn`, `fkrealm`) VALUES (5,'remote-5','0.0.0.0/0','IP_V6','fqdn3.sha-it.mavenir.com',5);
INSERT INTO `remote_network` (`oid_index`, `name`, `subnet`, `subnetType`, `fqdn`, `fkrealm`) VALUES (6,'remote-6','0.0.0.0/0','IP_V4','fqdn6.sha-it.mavenir.com',6);
INSERT INTO `remote_network` (`oid_index`, `name`, `subnet`, `subnetType`, `fqdn`, `fkrealm`) VALUES (11,'remote-11-v6','::0/0','IP_V6','fqdn11.sha-it.mavenir.com',11);
INSERT INTO `rsmConfig` (`oid_index`, `versionID`, `timeStamp`, `monitorInterval`, `retryLimit`, `updateInterval`, `isSepMonitor`) VALUES (0,0,'2016-02-23 14:44:58',0,3,3,0);
INSERT INTO `rtpCapNegSetting` (`oid_index`, `versionID`, `timeStamp`, `name`, `appType`, `netIntfType`, `fkpeer_addr`, `fkClientInfo`, `supportAudioTranscoding`, `supportVideoTranscoding`, `priorityFromLocalConfiguration`, `ipType`, `supportedDTMF`, `supportRtpRtcpMux`, `supportBundle`, `codecPolicyType`, `audioRtpProfileSupport`, `videoRtpProfileSupport`, `supportInbandDtmfRelay`, `supportOutbandDtmfRelay`, `ptime`, `supportMultiCodecInAnswer`, `reNegotiationIfCodecNochanged`, `ASNegotiateType`, `RSNegotiateType`, `RRNegotiateType`, `repeatSDPInFinalAnswer`) VALUES (0,0,'2016-03-09 10:21:13','0','APP_TYPE_PCSCF','NET_INTERFACE_GM',8,0,'TRUE','FALSE','FALSE','ipv4','inband','FALSE','FALSE','CODEC_POLICY_TYPE_BLACK_LIST','10','1','FALSE','FALSE',20,'FALSE','FALSE','SDP_NEGOTIATE_TYPE_USE_CALCULATED','SDP_NEGOTIATE_TYPE_USE_CALCULATED','SDP_NEGOTIATE_TYPE_USE_CALCULATED','TRUE');
INSERT INTO `rtpCapNegSetting` (`oid_index`, `versionID`, `timeStamp`, `name`, `appType`, `netIntfType`, `fkpeer_addr`, `fkClientInfo`, `supportAudioTranscoding`, `supportVideoTranscoding`, `priorityFromLocalConfiguration`, `ipType`, `supportedDTMF`, `supportRtpRtcpMux`, `supportBundle`, `codecPolicyType`, `audioRtpProfileSupport`, `videoRtpProfileSupport`, `supportInbandDtmfRelay`, `supportOutbandDtmfRelay`, `ptime`, `supportMultiCodecInAnswer`, `reNegotiationIfCodecNochanged`, `ASNegotiateType`, `RSNegotiateType`, `RRNegotiateType`, `repeatSDPInFinalAnswer`) VALUES (1,0,'2016-02-24 10:49:52','1','APP_TYPE_PCSCF','NET_INTERFACE_MW',6,0,'TRUE','FALSE','FALSE','ipv4','inband,rfc2833,info','FALSE','FALSE','CODEC_POLICY_TYPE_BLACK_LIST','0','1','FALSE','FALSE',20,'FALSE','FALSE','SDP_NEGOTIATE_TYPE_USE_CALCULATED','SDP_NEGOTIATE_TYPE_USE_CALCULATED','SDP_NEGOTIATE_TYPE_USE_CALCULATED','TRUE');
INSERT INTO `rtpCapNegSetting` (`oid_index`, `versionID`, `timeStamp`, `name`, `appType`, `netIntfType`, `fkpeer_addr`, `fkClientInfo`, `supportAudioTranscoding`, `supportVideoTranscoding`, `priorityFromLocalConfiguration`, `ipType`, `supportedDTMF`, `supportRtpRtcpMux`, `supportBundle`, `codecPolicyType`, `audioRtpProfileSupport`, `videoRtpProfileSupport`, `supportInbandDtmfRelay`, `supportOutbandDtmfRelay`, `ptime`, `supportMultiCodecInAnswer`, `reNegotiationIfCodecNochanged`, `ASNegotiateType`, `RSNegotiateType`, `RRNegotiateType`, `repeatSDPInFinalAnswer`) VALUES (2,0,'2016-02-24 10:49:52','2','APP_TYPE_ATCF','NET_INTERFACE_MWMX',9,0,'TRUE','FALSE','FALSE','ipv4','inband,rfc2833,info','FALSE','FALSE','CODEC_POLICY_TYPE_BLACK_LIST','0','1','FALSE','FALSE',20,'FALSE','FALSE','SDP_NEGOTIATE_TYPE_USE_CALCULATED','SDP_NEGOTIATE_TYPE_USE_CALCULATED','SDP_NEGOTIATE_TYPE_USE_CALCULATED','TRUE');
INSERT INTO `rtpCapNegSetting` (`oid_index`, `versionID`, `timeStamp`, `name`, `appType`, `netIntfType`, `fkpeer_addr`, `fkClientInfo`, `supportAudioTranscoding`, `supportVideoTranscoding`, `priorityFromLocalConfiguration`, `ipType`, `supportedDTMF`, `supportRtpRtcpMux`, `supportBundle`, `codecPolicyType`, `audioRtpProfileSupport`, `videoRtpProfileSupport`, `supportInbandDtmfRelay`, `supportOutbandDtmfRelay`, `ptime`, `supportMultiCodecInAnswer`, `reNegotiationIfCodecNochanged`, `ASNegotiateType`, `RSNegotiateType`, `RRNegotiateType`, `repeatSDPInFinalAnswer`) VALUES (3,0,'2016-03-08 15:34:31','3','APP_TYPE_PCSCF','NET_INTERFACE_GM',10,0,'TRUE','FALSE','FALSE','ipv6','inband','FALSE','FALSE','CODEC_POLICY_TYPE_BLACK_LIST','10','1','FALSE','FALSE',20,'FALSE','FALSE','SDP_NEGOTIATE_TYPE_USE_CALCULATED','SDP_NEGOTIATE_TYPE_USE_CALCULATED','SDP_NEGOTIATE_TYPE_USE_CALCULATED','TRUE');
INSERT INTO `rtpCapNegSetting` (`oid_index`, `versionID`, `timeStamp`, `name`, `appType`, `netIntfType`, `fkpeer_addr`, `fkClientInfo`, `supportAudioTranscoding`, `supportVideoTranscoding`, `priorityFromLocalConfiguration`, `ipType`, `supportedDTMF`, `supportRtpRtcpMux`, `supportBundle`, `codecPolicyType`, `audioRtpProfileSupport`, `videoRtpProfileSupport`, `supportInbandDtmfRelay`, `supportOutbandDtmfRelay`, `ptime`, `supportMultiCodecInAnswer`, `reNegotiationIfCodecNochanged`, `ASNegotiateType`, `RSNegotiateType`, `RRNegotiateType`, `repeatSDPInFinalAnswer`) VALUES (4,0,'2016-03-08 15:34:31','4','APP_TYPE_PCSCF','NET_INTERFACE_GM',12,0,'TRUE','FALSE','FALSE','ipv6','inband','FALSE','FALSE','CODEC_POLICY_TYPE_BLACK_LIST','10','1','FALSE','FALSE',20,'FALSE','FALSE','SDP_NEGOTIATE_TYPE_USE_CALCULATED','SDP_NEGOTIATE_TYPE_USE_CALCULATED','SDP_NEGOTIATE_TYPE_USE_CALCULATED','TRUE');
INSERT INTO `rtpCapNegSetting` (`oid_index`, `versionID`, `timeStamp`, `name`, `appType`, `netIntfType`, `fkpeer_addr`, `fkClientInfo`, `supportAudioTranscoding`, `supportVideoTranscoding`, `priorityFromLocalConfiguration`, `ipType`, `supportedDTMF`, `supportRtpRtcpMux`, `supportBundle`, `codecPolicyType`, `audioRtpProfileSupport`, `videoRtpProfileSupport`, `supportInbandDtmfRelay`, `supportOutbandDtmfRelay`, `ptime`, `supportMultiCodecInAnswer`, `reNegotiationIfCodecNochanged`, `ASNegotiateType`, `RSNegotiateType`, `RRNegotiateType`, `repeatSDPInFinalAnswer`) VALUES (5,0,'2016-03-08 15:34:31','5','APP_TYPE_PCSCF','NET_INTERFACE_GM',11,0,'TRUE','FALSE','FALSE','ipv4','inband','FALSE','FALSE','CODEC_POLICY_TYPE_BLACK_LIST','10','1','FALSE','FALSE',20,'FALSE','FALSE','SDP_NEGOTIATE_TYPE_USE_CALCULATED','SDP_NEGOTIATE_TYPE_USE_CALCULATED','SDP_NEGOTIATE_TYPE_USE_CALCULATED','TRUE');
INSERT INTO `rtpCapNegSetting` (`oid_index`, `versionID`, `timeStamp`, `name`, `appType`, `netIntfType`, `fkpeer_addr`, `fkClientInfo`, `supportAudioTranscoding`, `supportVideoTranscoding`, `priorityFromLocalConfiguration`, `ipType`, `supportedDTMF`, `supportRtpRtcpMux`, `supportBundle`, `codecPolicyType`, `audioRtpProfileSupport`, `videoRtpProfileSupport`, `supportInbandDtmfRelay`, `supportOutbandDtmfRelay`, `ptime`, `supportMultiCodecInAnswer`, `reNegotiationIfCodecNochanged`, `ASNegotiateType`, `RSNegotiateType`, `RRNegotiateType`, `repeatSDPInFinalAnswer`) VALUES (6,0,'2016-02-24 06:05:43','6','APP_TYPE_PCSCF','NET_INTERFACE_MW',14,0,'TRUE','FALSE','FALSE','ipv4','inband,rfc2833,info','FALSE','FALSE','CODEC_POLICY_TYPE_BLACK_LIST','0','1','FALSE','FALSE',20,'FALSE','FALSE','SDP_NEGOTIATE_TYPE_USE_CALCULATED','SDP_NEGOTIATE_TYPE_USE_CALCULATED','SDP_NEGOTIATE_TYPE_USE_CALCULATED','TRUE');
INSERT INTO `rtpCapNegSetting` (`oid_index`, `versionID`, `timeStamp`, `name`, `appType`, `netIntfType`, `fkpeer_addr`, `fkClientInfo`, `supportAudioTranscoding`, `supportVideoTranscoding`, `priorityFromLocalConfiguration`, `ipType`, `supportedDTMF`, `supportRtpRtcpMux`, `supportBundle`, `codecPolicyType`, `audioRtpProfileSupport`, `videoRtpProfileSupport`, `supportInbandDtmfRelay`, `supportOutbandDtmfRelay`, `ptime`, `supportMultiCodecInAnswer`, `reNegotiationIfCodecNochanged`, `ASNegotiateType`, `RSNegotiateType`, `RRNegotiateType`, `repeatSDPInFinalAnswer`) VALUES (7,0,'2016-02-24 06:05:43','7','APP_TYPE_ATCF','NET_INTERFACE_MWMX',15,0,'TRUE','FALSE','FALSE','ipv4','inband,rfc2833,info','FALSE','FALSE','CODEC_POLICY_TYPE_BLACK_LIST','0','1','FALSE','FALSE',20,'FALSE','FALSE','SDP_NEGOTIATE_TYPE_USE_CALCULATED','SDP_NEGOTIATE_TYPE_USE_CALCULATED','SDP_NEGOTIATE_TYPE_USE_CALCULATED','TRUE');
INSERT INTO `rtpProfileSetting` (`oid_index`, `versionID`, `timeStamp`, `rtpProfile`, `supportFingerprint`, `supportCrypto`, `supportRtcpFb`, `supportSetup`, `setupRoleInAnswerSdp`, `setupRoleInOfferSdp`, `hashFunc`) VALUES (0,0,'2015-03-16 07:53:23','RTP/AVP','RTP_ATTR_SUPPORT_NONE','RTP_ATTR_SUPPORT_NONE','RTP_ATTR_SUPPORT_NONE','RTP_ATTR_SUPPORT_NONE','ROLE_PASSIVE','ROLE_ACTPASS','sha-1');
INSERT INTO `rtpProfileSetting` (`oid_index`, `versionID`, `timeStamp`, `rtpProfile`, `supportFingerprint`, `supportCrypto`, `supportRtcpFb`, `supportSetup`, `setupRoleInAnswerSdp`, `setupRoleInOfferSdp`, `hashFunc`) VALUES (1,0,'2015-03-16 07:53:24','RTP/AVP','RTP_ATTR_SUPPORT_NONE','RTP_ATTR_SUPPORT_NONE','RTP_ATTR_SUPPORT_NONE','RTP_ATTR_SUPPORT_NONE','ROLE_PASSIVE','ROLE_ACTPASS','sha-1');
INSERT INTO `rtpProfileSetting` (`oid_index`, `versionID`, `timeStamp`, `rtpProfile`, `supportFingerprint`, `supportCrypto`, `supportRtcpFb`, `supportSetup`, `setupRoleInAnswerSdp`, `setupRoleInOfferSdp`, `hashFunc`) VALUES (10,0,'2015-03-30 09:56:15','RTP/SAVP','RTP_ATTR_SUPPORT_NONE','RTP_ATTR_SUPPORT_MANDATORY','RTP_ATTR_SUPPORT_NONE','RTP_ATTR_SUPPORT_NONE','ROLE_PASSIVE','ROLE_ACTPASS','sha-1');
INSERT INTO `rtpSettings` (`oid_index`, `versionID`, `timeStamp`, `contextStsTimer`, `contextInactivityTimer`, `streamInactivityTimer`, `streamInactivitySOTimer`, `streamInactivityROTimer`, `getResourceTimer`, `allocResTimer`, `termPendingTimer`, `loopbackSupported`, `perfMonStsTimer`, `lowMediaAddressPoolWatermark`, `heavyMediaInactivityThreshold`, `mppStatisticsTimer`, `mppLogStatisticsTimer`, `mppWaitForFirstPacketTimer`, `mppPortLearn`, `libsrtpReplayWindow`, `SRTCPTAGLEN`, `useNitrox`, `maxExceptionResetFP`, `maxExceptionClearCall`, `auditInterval`, `updateLocalPortInModify`, `IqPendingTimer`, `isLoopbackPrior`, `isPGWIntegration`, `maxTTL`, `maxInternalLoopErr`, `sendRtpRule`) VALUES (0,0,'2016-02-24 10:59:47',60,60,100,120,120,1,1,5,'TRUE',60,10,60,60,0,10,'FALSE',6,32,'TRUE',600,100,10,'FALSE',60,'TRUE','FALSE',4,20,'RTP_SEND_ALWAYS');
INSERT INTO `rxProfile` (`oid_index`, `versionID`, `timeStamp`, `sendSupportedFeature`, `featureList`, `subsrcibeIPCANTypeChange`, `subsrcibeSigPathStatus`, `provisionSigFlow`, `initiateAFSessionTerminationOnBearerLoss`, `initiateNotifySessTerminationOnBearerLoss`, `removeSigPathNotifySession`, `deProvisionSignalingFlow`, `fetchLocInfo`, `destRealmIndication`, `userLocationInfoRequired`, `reservationPriority`, `OfferOnlyAAR`, `UpdateSession`, `OriginatingSessionTrigger`, `TerminatingSessionTrigger`, `minRequestedBandwidthDL`, `minRequestedBandwidthUL`, `lossOfBearerRequired`, `recoveryOfBearerRequired`, `releaseOfBearerRequired`, `successfulResourceAllocationRequired`, `failedResourceAllocationRequired`, `chargingCorrelationExchangeRequired`, `includeImsi`, `includeE164`, `includeSipUri`, `useDefaultICSIFormat`, `MODE`, `InitialProvisioningFailureActionType`, `ModificationSessionFailureActionType`, `SuppressAARMediaList`, `fkDiamRealm`, `enableRxMessaging`, `useDomainFrom`, `mergeAARsDuringRegistration`, `aarDelay`, `wifiHotspotSupprt`, `sendDeregOnASR`, `bearerRecoveryIndicationTime`, `ueCallReconfigureTime`, `defaultAFAppIdentifier`, `IpFilterRuleAnyProto`, `optimizeForkingIndication`, `fkPCRFGroupProfile`, `accessChange`, `MaxRequestedBandwidthSupport`, `ULBandwidthRCS`, `DLBandwidthRCS`, `ULBandwidthFileTransfer`, `DLBandwidthFileTransfer`, `ULBandwidthImageShare`, `DLBandwidthImageShare`, `removeRAIFromSTR`, `useProfileForSubId`) VALUES (0,0,'2016-02-14 15:13:48','TRUE',1,'TRUE','TRUE','TRUE','TRUE','TRUE','TRUE','FALSE','TRUE','TRUE','TRUE','DEFAULT','FALSE','TRUE','SDP_OFFER','SDP_OFFER',4294967295,4294967295,'FALSE','FALSE','FALSE','FALSE','FALSE','FALSE','TRUE','TRUE','TRUE','FALSE','OUTOFSERVICE','RX_DISCONNECT','RX_DISCONNECT',0,NULL,'RX_DEFAULT','RX_RURI','MERGE_DEFAULT',10,'FALSE','TRUE',10,10,NULL,'TRUE','TRUE',NULL,'RX_DEREG','FALSE',1000000,1000000,5000000,5000000,5000000,5000000,'FALSE','FALSE');
INSERT INTO `scheduler` (`oid_index`, `versionID`, `timeStamp`, `name`, `scheduleType`, `weeklySchedule`, `dateOfMonthly`, `start1`, `end1`, `start2`, `end2`, `start3`, `end3`, `startOneTime`, `endOneTime`, `isExlusive`) VALUES (0,0,'2015-03-16 07:53:20','scheduler-1','SCHEDULE_WEEKLY',0,1,0,0,0,0,0,0,'2013-06-01 07:00:00','2013-12-01 08:00:00','FALSE');
INSERT INTO `scheduler` (`oid_index`, `versionID`, `timeStamp`, `name`, `scheduleType`, `weeklySchedule`, `dateOfMonthly`, `start1`, `end1`, `start2`, `end2`, `start3`, `end3`, `startOneTime`, `endOneTime`, `isExlusive`) VALUES (1,0,'2015-03-16 07:53:20','scheduler-2','SCHEDULE_WEEKLY',0,1,0,0,0,0,0,0,'2013-06-01 07:00:00','2013-12-01 08:00:00','TRUE');
INSERT INTO `securityPolicy` (`oid_index`, `name`, `isValid`, `policyType`, `fkservice`, `fkpeer_addr`, `fkScheduler`, `fkSessionSetting`, `fkRegSetting`, `fkAccessSetting`, `fkBandwidthSetting`, `fkIAMProfile`, `fkwebrtcProfile`) VALUES (0,'any-any','TRUE','POLICY_INGRESS',0,0,0,0,0,0,0,0,0);
INSERT INTO `securityPolicy` (`oid_index`, `name`, `isValid`, `policyType`, `fkservice`, `fkpeer_addr`, `fkScheduler`, `fkSessionSetting`, `fkRegSetting`, `fkAccessSetting`, `fkBandwidthSetting`, `fkIAMProfile`, `fkwebrtcProfile`) VALUES (1,'any-anytrust','TRUE','POLICY_INGRESS',0,1,0,0,0,0,0,0,0);
INSERT INTO `securityPolicy` (`oid_index`, `name`, `isValid`, `policyType`, `fkservice`, `fkpeer_addr`, `fkScheduler`, `fkSessionSetting`, `fkRegSetting`, `fkAccessSetting`, `fkBandwidthSetting`, `fkIAMProfile`, `fkwebrtcProfile`) VALUES (2,'any-anyuntrust','TRUE','POLICY_INGRESS',0,2,0,0,0,0,0,0,0);
INSERT INTO `securitySetting` (`oid_index`, `versionID`, `timeStamp`, `app_type`, `sec_mechanism`, `auth_algorithm`, `encrypt_algorithm`, `qValue`) VALUES (0,0,'2016-02-14 16:32:30','APP_TYPE_PCSCF','SEC_TLS','AUTH_ALGORITHM_HMAC_MD5_96','ENCRYPT_ALGORITHM_AES_CBC',98);
INSERT INTO `securitySetting` (`oid_index`, `versionID`, `timeStamp`, `app_type`, `sec_mechanism`, `auth_algorithm`, `encrypt_algorithm`, `qValue`) VALUES (1,0,'2016-02-14 16:32:30','APP_TYPE_PCSCF','SEC_IPsec_3GPP','AUTH_ALGORITHM_HMAC_MD5_96','ENCRYPT_ALGORITHM_AES_CBC',88);
INSERT INTO `server_group` (`oid_index`, `versionID`, `timeStamp`, `groupName`, `rjtCallForSessLimit`, `routeByWeight`) VALUES (0,0,'2015-03-16 07:53:18','group-0','FALSE','TRUE');
INSERT INTO `server_group` (`oid_index`, `versionID`, `timeStamp`, `groupName`, `rjtCallForSessLimit`, `routeByWeight`) VALUES (1,0,'2015-03-16 07:53:19','group-1','FALSE','TRUE');
INSERT INTO `server_group` (`oid_index`, `versionID`, `timeStamp`, `groupName`, `rjtCallForSessLimit`, `routeByWeight`) VALUES (2,0,'2015-03-16 07:53:19','group-2-pcscf','FALSE','TRUE');
INSERT INTO `server_group` (`oid_index`, `versionID`, `timeStamp`, `groupName`, `rjtCallForSessLimit`, `routeByWeight`) VALUES (3,0,'2015-03-16 07:53:19','group-3-atcf','FALSE','TRUE');
INSERT INTO `server_group` (`oid_index`, `versionID`, `timeStamp`, `groupName`, `rjtCallForSessLimit`, `routeByWeight`) VALUES (4,0,'2015-03-16 07:53:19','group-4-icscf','FALSE','TRUE');
INSERT INTO `server_group` (`oid_index`, `versionID`, `timeStamp`, `groupName`, `rjtCallForSessLimit`, `routeByWeight`) VALUES (5,0,'2015-03-16 07:53:19','group-5-scscf','FALSE','TRUE');
INSERT INTO `server_group` (`oid_index`, `versionID`, `timeStamp`, `groupName`, `rjtCallForSessLimit`, `routeByWeight`) VALUES (6,0,'2015-03-16 07:53:19','group-6-MSC','FALSE','TRUE');
INSERT INTO `server_group` (`oid_index`, `versionID`, `timeStamp`, `groupName`, `rjtCallForSessLimit`, `routeByWeight`) VALUES (7,0,'2015-03-16 07:53:19','group-7-SCCAS','FALSE','TRUE');
INSERT INTO `server_group` (`oid_index`, `versionID`, `timeStamp`, `groupName`, `rjtCallForSessLimit`, `routeByWeight`) VALUES (8,0,'2015-03-26 04:37:00','group-8-CCF','FALSE','TRUE');
INSERT INTO `server_group` (`oid_index`, `versionID`, `timeStamp`, `groupName`, `rjtCallForSessLimit`, `routeByWeight`) VALUES (9,0,'2015-08-19 09:58:31','group-9-ECSCF','FALSE','TRUE');
INSERT INTO `service_pool` (`oid_index`, `description`) VALUES (0,'sip_udp_1');
INSERT INTO `service_pool` (`oid_index`, `description`) VALUES (1,'sip_udp_2');
INSERT INTO `service_pool` (`oid_index`, `description`) VALUES (2,'sip_tcp_1');
INSERT INTO `service_pool` (`oid_index`, `description`) VALUES (3,'sip_tcp_2');
INSERT INTO `service_pool` (`oid_index`, `description`) VALUES (4,'ipsec1');
INSERT INTO `service_pool` (`oid_index`, `description`) VALUES (5,'X1_TCP');
INSERT INTO `service_pool_ip_map` (`oid_index`, `fkservice_pool`, `fkcomponent`, `fkprot_grp`) VALUES (0,0,NULL,1);
INSERT INTO `service_pool_ip_map` (`oid_index`, `fkservice_pool`, `fkcomponent`, `fkprot_grp`) VALUES (2,1,NULL,1);
INSERT INTO `service_pool_ip_map` (`oid_index`, `fkservice_pool`, `fkcomponent`, `fkprot_grp`) VALUES (4,2,NULL,1);
INSERT INTO `service_pool_ip_map` (`oid_index`, `fkservice_pool`, `fkcomponent`, `fkprot_grp`) VALUES (6,3,NULL,1);
INSERT INTO `service_pool_ip_map` (`oid_index`, `fkservice_pool`, `fkcomponent`, `fkprot_grp`) VALUES (8,4,NULL,1);
INSERT INTO `service_pool_ip_map` (`oid_index`, `fkservice_pool`, `fkcomponent`, `fkprot_grp`) VALUES (10,5,NULL,0);
INSERT INTO `sessionSettings` (`oid_index`, `versionID`, `timeStamp`, `name`, `maxAllowedConcurrentSessionsTotal`, `maxAllowedConcurrentSessionsPerPeer`, `maxAllowedSustainedRateSessionsTotal`, `maxAllowedSustainedRateSessionsPerPeer`, `maxAllowedBurstRateSessionsTotal`, `maxAllowedBurstRateSessionsPerPeer`, `maxAllowedBurstInterval`, `maxAllowedBurstTotal`, `maxTransitRatio`, `oIsInMediaPath`, `tIsInMediaPath`, `enablePRACKInterworking`, `enablePrecondition`, `raiseSessionMaxLimitThresholdAlarms`, `fkSessionLimitAlarmConfig`, `respCodeForThrottlingReject`) VALUES (0,0,'2016-02-24 04:08:29','session-default',0,0,0,0,0,0,0,0,1000,'TRUE','TRUE','TRUE','TRUE','FALSE',NULL,503);
INSERT INTO `sessionSettings` (`oid_index`, `versionID`, `timeStamp`, `name`, `maxAllowedConcurrentSessionsTotal`, `maxAllowedConcurrentSessionsPerPeer`, `maxAllowedSustainedRateSessionsTotal`, `maxAllowedSustainedRateSessionsPerPeer`, `maxAllowedBurstRateSessionsTotal`, `maxAllowedBurstRateSessionsPerPeer`, `maxAllowedBurstInterval`, `maxAllowedBurstTotal`, `maxTransitRatio`, `oIsInMediaPath`, `tIsInMediaPath`, `enablePRACKInterworking`, `enablePrecondition`, `raiseSessionMaxLimitThresholdAlarms`, `fkSessionLimitAlarmConfig`, `respCodeForThrottlingReject`) VALUES (1,0,'2016-02-24 04:08:29','session-1',0,0,0,0,0,0,0,0,1000,'TRUE','TRUE','TRUE','TRUE','FALSE',NULL,503);
INSERT INTO `settingForRms` (`oid_index`, `versionID`, `timeStamp`, `enumQueryEnabled`, `anonymousSupport`, `anonymousE164`, `udhIEFor8BitRef`, `correlationTimerStatusReportVP`, `prefDomain`, `queuingEnabled`, `queueSize`, `unriGuardTimer`, `sriSmForIMSI`, `forkingForSMSSubmitReport`, `forkDirectiveForSMSSubmitReport`, `forkingForSMSDeliverStatusReport`, `forkDirectiveForSMSDeliverStatusRpt`, `forkingForIMDN`, `forkDirectiveForIMDN`, `ueCap`, `legacyUeCap`, `aliasSmscE164`, `aliasRmsE164`, `ownSmscE164`, `routeOtherParam`, `origIoi`, `termIoi`, `subsExpires`, `opPolicyEnabled`, `tpSctsTimeDiff`, `contactAddressSCSCF`, `maxSize`, `sizeBasedRoutingEnabled`, `contentSize`, `smppImmDeliverSmRespEnabled`, `warningHeaderSupported`, `imdnAggregationSupported`, `useMsgPayloadTowardsSmsc`, `useMsgPayloadTowardsIcwLa`, `boundary`, `addOriginalToHeader`, `origHdr`, `origStr`, `uriOfPublicGroup`, `ppType`, `refundForLongSMS`, `gruuToUse`, `addRecordRouteForSession`, `chargeSessionMode`, `tpOaForSng`, `srcPortForSng`, `imsEnableForSng`, `IMPUDomain`, `usingIMPUDomainForSIP`, `autoAcceptIw`, `maxSmppSize`, `omaFeature`, `sysAdminUri`, `msrpInPath`, `ormsInPath`, `addPlusForImsDomainRouting`, `maxTermMsgSize`, `xdmsServiceEnabled`, `useSAR`, `doLoopback`, `groupSendBack`, `interworkingAtTSide`, `interworkingAtOSide`, `debugFlag`, `randomImdnMsgId`, `regServiceInfoTag`, `reasonHeaderSupported`, `timerGapForImdnAggregation`, `refreshTimerForImdnAggregation`, `mtSmRpUiRelay`, `tprSubsEnabled`, `includeContactInSipMsg`, `nodeId`, `ldapDnFormat`, `soapDnFormat`, `ccForFormat`) VALUES (0,0,'2015-07-29 03:57:00','FALSE','TRUE','1111111111','TRUE',72,'GSM','FALSE',50,72,'FALSE','TRUE','PARALLEL','FALSE','NONE','FALSE','NONE','TEXT_PLAIN','TEXT_PLAIN','1234567890','1234567890','1234567890',NULL,'mavenir.com','mavenir.com',3600,'TRUE',10,'FALSE',5242880,'TRUE','65535','FALSE','TRUE','TRUE','FALSE','FALSE','-boundaryRMS123','FALSE','ROUTE_HDR','orig','sip:globalGroups@mavenir.com','GLOBAL_FREE','TRUE','PUB_GRUU','TRUE','TRUE','11111',9200,'TRUE','mavenir.com','TRUE','TRUE',39000,'CPM','sysAdmin@rms.mavenir.com','TRUE','TRUE','FALSE',1300,'FALSE','FALSE','TRUE','FALSE','FALSE','FALSE','DBG_DISABLED','TRUE','service-info','TRUE',1000,'TRUE','TRUE','TRUE','FALSE','RMS1','NATIONAL','INTERNATIONAL',1);
INSERT INTO `settingForSA` (`oid_index`, `localPortForUDPEnc`, `peerPortForUDPEnc`, `marginTimer`, `saReplayWindown`, `saLifeTimeAllocations`, `saSeqNumMargin`, `saPollSeqTimer`) VALUES (0,4500,65535,1000,0,4294967295,1000,300);
INSERT INTO `settingForSdpOffer` (`oid_index`, `net_interface_type`, `preferredSecurity`, `preferredIpType`) VALUES (0,'NET_INTERFACE_GM','PREFERRED_NONE','V4');
INSERT INTO `shelf` (`oid_index`, `name`, `serial_nbr`, `part_nbr`, `ipaddr`, `type`, `width`, `height`, `available_slots`, `username`, `password`) VALUES (1,'shelf-1','111','222',NULL,NULL,NULL,NULL,NULL,NULL,NULL);
INSERT INTO `sip_app_filter` (`oid_index`, `app_type`, `sip_method`, `sip_header`, `filter`, `new_app_type`, `override`) VALUES (0,'APP_TYPE_RMS','INVITE','','','APP_TYPE_RMS_CHAT','FALSE');
INSERT INTO `sip_app_filter` (`oid_index`, `app_type`, `sip_method`, `sip_header`, `filter`, `new_app_type`, `override`) VALUES (1,'APP_TYPE_RMS','CANCEL','','','APP_TYPE_RMS_CHAT','FALSE');
INSERT INTO `sip_app_filter` (`oid_index`, `app_type`, `sip_method`, `sip_header`, `filter`, `new_app_type`, `override`) VALUES (2,'APP_TYPE_RMS','ACK','','','APP_TYPE_RMS_CHAT','FALSE');
INSERT INTO `sip_app_filter` (`oid_index`, `app_type`, `sip_method`, `sip_header`, `filter`, `new_app_type`, `override`) VALUES (3,'APP_TYPE_RMS','SUBSCRIBE','','','APP_TYPE_RMS_CHAT','FALSE');
INSERT INTO `sip_param` (`oid_index`, `versionID`, `timeStamp`, `max_UDP`, `short_form`, `csv_list`, `add_rport_param`, `idle_timeout`, `max_as_mapping_rec_time`, `max_tcp_client_ports_num`, `orig_str`, `mutilTimerConfigEnabled`, `disallowFallbackFromUDP`, `disallowFallbackFromTCP`, `disallowFallbackFromTLS`, `disallowFallbackFromSCTP`, `followTransportParamOnly`, `debugEnabled`, `incomingHIDiversionIW`, `transSelOnlyOnSizeIfIP`, `sipRetryTransport`, `max_tcp_con`, `maintainUDPFlow`, `pcscfKeepAliveWithRegOverUDP`, `enableRFC6223KeepAlive`, `defaultKeepAliveExpires`, `keepAliveIntvlFoIOS`, `addTransportTCPForUA`, `addTransportTCPForProxy`, `monitorInterval`, `enableKeepAlivePcre`) VALUES (0,0,'2016-02-24 04:18:46',60000,0,1,1,3600,30,2,'orig','FALSE','TRUE','TRUE','TRUE','TRUE','TRUE','TRUE','IWK_NONE','FALSE','SIP_RETRY_TCP',1,'TRUE','TRUE','TRUE',60,30,'FALSE','FALSE',2,'^.*Phone2.0*');
INSERT INTO `sip_sesstimer` (`oid_index`, `session_timer_enable`, `min_se`, `session_expires`, `refresh_time_offset`, `session_termination_offset`, `refresher_as_uac`, `refresher_as_uas`, `default_refresh_method`, `versionID`, `timeStamp`) VALUES (0,0,90,100,50,0,'REFRESHER_TYPE_UAC','REFRESHER_TYPE_UAS','SIP_METHOD_UPDATE',0,'2016-03-03 11:03:47');
INSERT INTO `sip_timers` (`oid_index`, `versionID`, `timeStamp`, `name`, `server_type`, `app_type`, `netIntfType`, `fkpeer_addr`, `t1`, `t2`, `t4`, `timerB`, `timerC`, `timerD`, `timerF`, `timerH`, `timerJ`, `turnOffTimerD`, `noAnswerTimer`) VALUES (0,0,'2016-02-14 15:19:25','','IMS_SERVER_TYPE_UNKNOWN','APP_TYPE_UNKNOWN','NET_INTERFACE_ANY',NULL,500,4000,5000,32000,180000,32000,32000,32000,32000,0,180000);
INSERT INTO `solution` (`oid_index`, `name`, `fkcontact`) VALUES (0,'mavenir',0);
INSERT INTO `srtpNegSetting` (`oid_index`, `versionID`, `timeStamp`, `name`, `appType`, `netIntfType`, `fkpeer_addr`, `fkClientInfo`, `srtpLifeTimeEnabled`, `srtcpLifeTimeEnabled`, `srtpLifeTime`, `srtcpLifeTime`, `cryptoSuite`) VALUES (0,0,'2016-02-14 16:34:42','','APP_TYPE_PCSCF','NET_INTERFACE_ANY',8,0,'FALSE','FALSE',20,20,'AES_CM_128_HMAC_SHA1_32');
INSERT INTO `sslTls` (`oid_index`, `versionID`, `timeStamp`, `name`, `version`, `cipher_list`, `privateKey`, `cert`, `ca_cert`, `keypass`, `tlsVerifyClient`, `isCertChain`) VALUES (0,0,'2016-02-14 16:36:30','SSL_TLS','SSL_v23',NULL,'-----BEGIN RSA PRIVATE KEY-----\nMIIEpAIBAAKCAQEAwTtFFdsBdCkUpRPoRIYleNnWDBwZ0wrvwozbfT/cDTPLiPIK\n5AFDoHj3HNsp2ZLv/leCM7Pg9jdabMFbXleshavLsbU0YsgXvJvwzco90DJe3iM1\nvxly60DD9/8t07WAZQp6JvIE2NQdhl3lc0yCt6Nx1rWOxGE1v6Ogqdb9xyoE7l8j\noDJfY/wbc4DcP8JG/xujeql9N/LtJR7pOMuNSPiO+cbWXXc7tA/oxu+r8xj5lRH/\n76mfKIuV9cNS24fwZd1lk88T4YsxBD3naai/HCS/TjcCrihEF8n4evZRXV++Dzxb\nMvuqfWqL5LXBEYJNVtP9b55jk1pTtH4bGSXjpwIDAQABAoIBAGLsQ+b3cpwUN+R2\n9461GlPvOVyDuljHnYz87ZUGb1I29PkL6LVnTEbIBsI4FQm05rZP+HEdooqKNfm9\nV1hKDCF2nNZCTSpRA43kS3gfFFwUnWqdnfNSRPnY8zpv4fcjUTLpFTYA6qhSlzbl\ntQS846K9wxbHZep1Vb3hN+wbC1q8672LhpgrWsWjTxucIZouJPYSJj9BpQ5x8aXN\nh1JQRT1/v04Hnl/koMExEil/NzWyzAmYGHynWzjJGBO/nlFv27j4howbeKP4GDlF\nPr6YsP6xWtuRVzfW0/DlpDSxA5/4tdIVmj/YQpt5AvkgrHKUnRQ0xHRaYTV2/LNq\nQby1twECgYEA/AOXOYCvkp/9HX3XXDdx33vuYyczUyblOLKM8TCMvU+9Oa6B9Z2W\nF6FHPX6F6J4/3zzlIpGGkJKd1tY5nXvmAxUPMODU4MfryVgsXNMiwD+CKguNpujL\nE+bKxFHXXzmWAK6m2ye6FLoFWS4JwPustYHXypIFedR96vf78l0oWScCgYEAxEmq\n8ROV2lUFrZGXLa9sqlnhpDWkyEUdPTxRfD3P8wk1nqMP+4Mkq6+T4X2tL3txAaZz\nw4Da/a0VeGZ6XRt2lCp+E9LRY0ImB8IQD50Y6Pm/yYMuSQ911dwfPARlKfhLIkPY\nc9En+YWvc5l5UPp8we/Ik1U/UqlhasVCtJaLsYECgYEAg4L8L63P8Zw74mABOsZU\nTmPGC0gxqHrrs6K5mkPTrhcmkCtY9mu+H6ayHo0gJDww6LZGfLuklV1tsOcqOdym\nM4WR39f0PzkU+oVg4S/tOpXpvzc4PJnPIBuYRMrQsYjDlqeNu2AH4zkQAXHc9TBg\n+HdBvRxmbyVMcInomJm0rJECgYEAjndlogp0Fn7lWyAz2Q3dUhtgob3ptw4q9bok\n7ocyupRxnY1+2S9LW21ZaS29mJwA3pDAryKET+Djl3rRz2hSfaIF1j+KiH+HeNQK\nsjp0zQwQfqM+4fpdrXZSGU6bWoYDioAxx4YEfJ/iQ4YePn9AM8blDsKt7kJQGZ3J\nF6e5BoECgYA7bCqBcfhI00c/KnHOr6vudsaugKArDNtRsa69SteXKguDZJefPxPh\nOPLRnyWmv4bIHLm56bC2H0g1uy5tLGyFp+B3tqYSTo7Xkqwm3XhW+4stOvyrPHFV\ngmmBIKUzROtm8t1LQ9Q67xIV66eQJX0CWNdApS+/PUEYFNeBdJwxdg==\n-----END RSA PRIVATE KEY-----\n','-----BEGIN CERTIFICATE-----\nMIIEJTCCAw2gAwIBAgIQQLrKVITGHiLb6axVH/IoiTANBgkqhkiG9w0BAQUFADBc\nMQswCQYDVQQGEwJVUzEbMBkGA1UEChMSVC1Nb2JpbGUgVVNBLCBJbmMuMTAwLgYD\nVQQDEydULU1vYmlsZSBVU0EsIEluYy4gSVAgQWNjZXNzIE5hbm8gM0cgQ0EwHhcN\nMTMwODIxMDAwMDAwWhcNMTQwODIxMjM1OTU5WjB3MQswCQYDVQQGEwJVUzELMAkG\nA1UECAwCV0ExETAPBgNVBAcMCEJlbGxldnVlMRswGQYDVQQKDBJULU1vYmlsZSBV\nU0EsIEluYy4xFDASBgNVBAsMC0VuZ2luZWVyaW5nMRUwEwYDVQQDDAw2Ni45NC4x\nNC4yMjgwggEiMA0GCSqGSIb3DQEBAQUAA4IBDwAwggEKAoIBAQDBO0UV2wF0KRSl\nE+hEhiV42dYMHBnTCu/CjNt9P9wNM8uI8grkAUOgePcc2ynZku/+V4Izs+D2N1ps\nwVteV6yFq8uxtTRiyBe8m/DNyj3QMl7eIzW/GXLrQMP3/y3TtYBlCnom8gTY1B2G\nXeVzTIK3o3HWtY7EYTW/o6Cp1v3HKgTuXyOgMl9j/BtzgNw/wkb/G6N6qX038u0l\nHuk4y41I+I75xtZddzu0D+jG76vzGPmVEf/vqZ8oi5X1w1Lbh/Bl3WWTzxPhizEE\nPedpqL8cJL9ONwKuKEQXyfh69lFdX74PPFsy+6p9aovktcERgk1W0/1vnmOTWlO0\nfhsZJeOnAgMBAAGjgccwgcQwCQYDVR0TBAIwADBSBgNVHR8ESzBJMEegRaBDhkFo\ndHRwOi8vY3JsLnQtbW9iaWxlLmNvbS9UTW9iaWxlVVNBSW5jSVBBY2Nlc3NOYW5v\nM0cvTGF0ZXN0Q1JMLmNybDATBgNVHSUEDDAKBggrBgEFBQcDATAfBgNVHSMEGDAW\ngBRj8ssls3CrJakAJBmu/RlqZsMNVjAtBgNVHREEJjAkhwRCXg7kgRx2ZXJpc2ln\nbnNnd2NlcnRAdC1tb2JpbGUuY29tMA0GCSqGSIb3DQEBBQUAA4IBAQDo3jQqjYS4\nFB334RtKKSesE+6AT+RvTLp29T7VNneep/gRuMe7FISGnXCmACkzts5m01PZsBKA\nrOMCmOYJG93MY/32+dTzpkAY9aIxuDE4gEy8LdRoBOHtGIWCEaAINLx7JZP3TS8y\niQ0CmHfR2xgQCiOTUIXny/nrOcC3t9aWRLxOizigGxsxsZwCQr8gdyXmIzZMZRrx\nEPtvlAmN7cuUJrdhCFldd7WGCl6hr25eqqj48gHO8l2dGtab+HtaSoMd3nQiHkrK\nuvjJaUAEvKU7MckCk7RFoA2RQMawcOdFD7t5IVFemL4TOXOrlswH4fDwVNBYbvuC\nQbWr87LDVFHN\n-----END CERTIFICATE-----\n-----BEGIN CERTIFICATE-----\nMIIEJjCCAw6gAwIBAgIQSqG3cn9sWUFIB7aJXbjL5DANBgkqhkiG9w0BAQUFADBP\nMQswCQYDVQQGEwJVUzEbMBkGA1UEChMSVC1Nb2JpbGUgVVNBLCBJbmMuMSMwIQYD\nVQQDExpULU1vYmlsZSBVU0EsIEluYy4gUm9vdCBDQTAeFw0wOTEyMDgwMDAwMDBa\nFw0yNDEyMDcyMzU5NTlaMFwxCzAJBgNVBAYTAlVTMRswGQYDVQQKExJULU1vYmls\nZSBVU0EsIEluYy4xMDAuBgNVBAMTJ1QtTW9iaWxlIFVTQSwgSW5jLiBJUCBBY2Nl\nc3MgTmFubyAzRyBDQTCCASIwDQYJKoZIhvcNAQEBBQADggEPADCCAQoCggEBAOsq\nWLMKsIoKdO4NWvs2ibRLAtVy5g9aNtN4I0j/9XLVDjMLv48cPBNsWhPzV9qHNyD6\nLyltBRecSpdUzUFAOIo2zIU5yECBr+bZmpVToNJYgWi5pt+yVVF6vzeSpNehnYbg\nBh7o/naAFeE4mFYeFApdcN8U/XdmZGAXX57NeXMyTkEu9nDKud9D/gjoIpjrZpCZ\nA3J+AJq9pUgapaP6fr32t1pf7UNcMjqm0fKscw2F2pVlsVpHmB2JVFg2FVz/FQQ/\nklPrG8nxb/DjAp9hqT6C3j1eAwUZcz7GSB/9ok/vnSjxTj74L4wYAauerw9/+Dcy\nFAcZ03rdMRkAt3/gLCkCAwEAAaOB8DCB7TASBgNVHRMBAf8ECDAGAQH/AgEAMA4G\nA1UdDwEB/wQEAwIBBjAuBgNVHREEJzAlpCMwITEfMB0GA1UEAxMWUHJpdmF0ZUxh\nYmVsNC0yMDQ4LTE1NTAdBgNVHQ4EFgQUY/LLJbNwqyWpACQZrv0ZambDDVYwHwYD\nVR0jBBgwFoAUINS0RupuBfus91HGV1OzGB453tUwVwYDVR0fBFAwTjBMoEqgSIZG\naHR0cDovL2NybC50LW1vYmlsZS5jb20vb2ZmbGluZWNhL1RNb2JpbGVVU0FJbmNU\nTW9iaWxlVVNBSW5jUm9vdENBLmNybDANBgkqhkiG9w0BAQUFAAOCAQEAADq+hfbE\nqcNCTTZbtFerQQekh7uifDfwRmTdpWQKxl/tOqQbf/mt4V2QA6zES86+BBmWYWlz\nPh96oj+jGld1DUL6GSEPxrJjz72bxanNWMDj4v6UFnWZfPqddtgswLTOflbJbz30\n3G6wF5XtM8s5m/dWQ51ODe/AJD49jvAu5mrUydoXMEGClpwoDXR8/ZaT7Hce7U3C\nVP7zMHHv/SQn5SGAoIkc4giz7Jm1/ANF9Iy8LNx5Gqc33nU+ef/Pq7+3dSWmn2R0\nXyv7HX06H2q0+X6GLs1Gw7DYDVd1j7qi2jpyp78L5G6uW8vSwDIDIoqfUhjll/t0\nsRpiB9emJCFswg==\n-----END CERTIFICATE-----\n-----BEGIN CERTIFICATE-----\nMIIDkjCCAnqgAwIBAgIQGrhFSiVzn1gND/dq/SnuxTANBgkqhkiG9w0BAQUFADBP\nMQswCQYDVQQGEwJVUzEbMBkGA1UEChMSVC1Nb2JpbGUgVVNBLCBJbmMuMSMwIQYD\nVQQDExpULU1vYmlsZSBVU0EsIEluYy4gUm9vdCBDQTAeFw0wNjAzMjkwMDAwMDBa\nFw0yNjAzMjgyMzU5NTlaME8xCzAJBgNVBAYTAlVTMRswGQYDVQQKExJULU1vYmls\nZSBVU0EsIEluYy4xIzAhBgNVBAMTGlQtTW9iaWxlIFVTQSwgSW5jLiBSb290IENB\nMIIBIjANBgkqhkiG9w0BAQEFAAOCAQ8AMIIBCgKCAQEA2WQiBe8Taq28AxMxKHpg\n2qF0pMFjAgUvTtNVJ0otwuQZldF5Yeb+LsfAGLB6da9v9qGPclS4/g71rWpseYJK\nvhC7MK6AqjHmQn7blYqMBI+AodSRmrPrCEqz9cnUdcTM/WoFmIrDp9YinVaIa4QF\naBYHG9rKtdCHXWuFHbANfpM8ha2KFCNnMWNvgDVJoZ5VyHOMNvTfpfTZbhcBPTHP\nbRyDeQHRyiGReHtf5qmgCVhqaugGsOOuyQULEqnAo+SyAjhxX5Ljjb+99TjNddT2\nzTulPvqSFRnAWEUdcNQRif9dCHTyjy2lLOADBLAqjkv1B7TEaX32zptgX9lGlz6E\nTwIDAQABo2owaDASBgNVHRMBAf8ECDAGAQH/AgEBMAsGA1UdDwQEAwIBBjAmBgNV\nHREEHzAdpBswGTEXMBUGA1UEAxMOTVBLSS0yMDQ4LTEtMTkwHQYDVR0OBBYEFCDU\ntEbqbgX7rPdRxldTsxgeOd7VMA0GCSqGSIb3DQEBBQUAA4IBAQAJh1ZpSYrWprZP\nFP3rctdo7zzolp68DXvcu/hrpEc8mqPW+Jm8OCDGMVwk9I2Km1KWzMw5DJMhGML1\n+wCk6RAn3xGsnUpX51zOzp+WOf02mBjJteiv79QfPw7L9vxNtGtIobGQVzUQPAGn\nT6bTY8mKizx/3BeEw21LAKnzpDcH9OvcnPva/Bz8nbVeOyUjtpeKeo1yRY94fLSW\nTJuqu6CU21TDBkWcWpFMik2YSfijAmIvTf/0lb3jGFd7FCFcBgcqYIEVv2HPDkcv\nlcIHmd63Ckh4vb7YHPZBQDWkPHmXSZim2f6kuZTJxxSS3Piwzjj0/8zbuBX/XwPS\ni+hkenA4\n-----END CERTIFICATE-----','-----BEGIN CERTIFICATE-----\nMIIEJTCCAw2gAwIBAgIQQLrKVITGHiLb6axVH/IoiTANBgkqhkiG9w0BAQUFADBc\nMQswCQYDVQQGEwJVUzEbMBkGA1UEChMSVC1Nb2JpbGUgVVNBLCBJbmMuMTAwLgYD\nVQQDEydULU1vYmlsZSBVU0EsIEluYy4gSVAgQWNjZXNzIE5hbm8gM0cgQ0EwHhcN\nMTMwODIxMDAwMDAwWhcNMTQwODIxMjM1OTU5WjB3MQswCQYDVQQGEwJVUzELMAkG\nA1UECAwCV0ExETAPBgNVBAcMCEJlbGxldnVlMRswGQYDVQQKDBJULU1vYmlsZSBV\nU0EsIEluYy4xFDASBgNVBAsMC0VuZ2luZWVyaW5nMRUwEwYDVQQDDAw2Ni45NC4x\nNC4yMjgwggEiMA0GCSqGSIb3DQEBAQUAA4IBDwAwggEKAoIBAQDBO0UV2wF0KRSl\nE+hEhiV42dYMHBnTCu/CjNt9P9wNM8uI8grkAUOgePcc2ynZku/+V4Izs+D2N1ps\nwVteV6yFq8uxtTRiyBe8m/DNyj3QMl7eIzW/GXLrQMP3/y3TtYBlCnom8gTY1B2G\nXeVzTIK3o3HWtY7EYTW/o6Cp1v3HKgTuXyOgMl9j/BtzgNw/wkb/G6N6qX038u0l\nHuk4y41I+I75xtZddzu0D+jG76vzGPmVEf/vqZ8oi5X1w1Lbh/Bl3WWTzxPhizEE\nPedpqL8cJL9ONwKuKEQXyfh69lFdX74PPFsy+6p9aovktcERgk1W0/1vnmOTWlO0\nfhsZJeOnAgMBAAGjgccwgcQwCQYDVR0TBAIwADBSBgNVHR8ESzBJMEegRaBDhkFo\ndHRwOi8vY3JsLnQtbW9iaWxlLmNvbS9UTW9iaWxlVVNBSW5jSVBBY2Nlc3NOYW5v\nM0cvTGF0ZXN0Q1JMLmNybDATBgNVHSUEDDAKBggrBgEFBQcDATAfBgNVHSMEGDAW\ngBRj8ssls3CrJakAJBmu/RlqZsMNVjAtBgNVHREEJjAkhwRCXg7kgRx2ZXJpc2ln\nbnNnd2NlcnRAdC1tb2JpbGUuY29tMA0GCSqGSIb3DQEBBQUAA4IBAQDo3jQqjYS4\nFB334RtKKSesE+6AT+RvTLp29T7VNneep/gRuMe7FISGnXCmACkzts5m01PZsBKA\nrOMCmOYJG93MY/32+dTzpkAY9aIxuDE4gEy8LdRoBOHtGIWCEaAINLx7JZP3TS8y\niQ0CmHfR2xgQCiOTUIXny/nrOcC3t9aWRLxOizigGxsxsZwCQr8gdyXmIzZMZRrx\nEPtvlAmN7cuUJrdhCFldd7WGCl6hr25eqqj48gHO8l2dGtab+HtaSoMd3nQiHkrK\nuvjJaUAEvKU7MckCk7RFoA2RQMawcOdFD7t5IVFemL4TOXOrlswH4fDwVNBYbvuC\nQbWr87LDVFHN\n-----END CERTIFICATE-----','','FALSE','FALSE');
INSERT INTO `sslTls` (`oid_index`, `versionID`, `timeStamp`, `name`, `version`, `cipher_list`, `privateKey`, `cert`, `ca_cert`, `keypass`, `tlsVerifyClient`, `isCertChain`) VALUES (10,0,'2016-02-16 16:07:39','sslTls4','SSL_v23',NULL,'-----BEGIN RSA PRIVATE KEY-----\nMIICXgIBAAKBgQDXgaJygptxodBqUv/onXKcSRDdjwf+EWZy8AUX039UQ6RjMOoj\nA6VcOs5iRcmpcG7sOIqF+9yr9mRTXZyvx+5L52VYuR0LIgk+D5ZxjLB2fmpa2Nso\nBG60V619GmqIo1Ho1JnEg6E50cg0jW8CrDZ/fBwLd7Vs77aicnjlPa4sfwIDAQAB\nAoGALBEU/6dXU8gLzwID1DQF0JFcQoHR15EFSvFriTC1M6zVO3cwGVLQiGh59Txh\n/STBecoiAT28JOmwIB/fP055mmmMBVyxAnO6fGi/Bl+qmewJZauhNbmDu9nbKSm+\nJ1XDFOvtyDzXNLeCpwu+NP0KXWnwg2PG7Y1LSAE8V8x/GxkCQQD5yKDxpRB/e3A5\nhyohy9vPs5PuKxuOw62lsD7+TrvMzi4bYD5YsKTkQD5sBSu5cJ8efGsYVytJkQac\nKdKp4S1rAkEA3N6gCiGXoP0YhlC0YyM7XXtQl4jN4iBehRPmAiQ5HZuwzxCtt9+l\nUt2gxUFnUxCPiO56QaNE/ODBcPECK7+OPQJBAI6+/mM6btQ76eWmfgh0ZTksqjSp\nBAWxhDI1J7rTqfWgOq9AcEDlKkabBFFdHyDJ4NVeSyHM5xsSu1FRgWe+HOMCQQDF\nhW6YQNxqQ43YKHp5ojtn6Wz0Z4q/q/T7jAUJaz2M5fwj4aWJp78gsUUiws/VcBz8\n91BsPMfoYlN8XnxzhVZ9AkEAzRBMAP78Zk4hs+dueQtPlj1abBMYdCTgljUmzNFu\net1KYM5WOFYHOIeAqEDr5fX3GM8w9oPXi8hpv4ovtgPd0Q==\n-----END RSA PRIVATE KEY-----\n','-----BEGIN CERTIFICATE-----\nMIIC0jCCAboCCQDi0WfsDVsLmjANBgkqhkiG9w0BAQUFADBtMQswCQYDVQQGEwI4\nNjERMA8GA1UECBMIc2hhbmdoYWkxETAPBgNVBAcTCHNoYW5naGFpMQswCQYDVQQK\nEwJtYTELMAkGA1UECxMCbWExCzAJBgNVBAMTAm1hMREwDwYJKoZIhvcNAQkBFgJt\nYTAeFw0xMjEyMDYxMTU3NDlaFw0xMzAzMTYxMTU3NDlaMG0xCzAJBgNVBAYTAjg2\nMREwDwYDVQQIEwhzaGFuZ2hhaTERMA8GA1UEBxMIc2hhbmdoYWkxCzAJBgNVBAoT\nAm1hMQswCQYDVQQLEwJtYTELMAkGA1UEAxMCbWExETAPBgkqhkiG9w0BCQEWAm1h\nMIGfMA0GCSqGSIb3DQEBAQUAA4GNADCBiQKBgQDXgaJygptxodBqUv/onXKcSRDd\njwf+EWZy8AUX039UQ6RjMOojA6VcOs5iRcmpcG7sOIqF+9yr9mRTXZyvx+5L52VY\nuR0LIgk+D5ZxjLB2fmpa2NsoBG60V619GmqIo1Ho1JnEg6E50cg0jW8CrDZ/fBwL\nd7Vs77aicnjlPa4sfwIDAQABMA0GCSqGSIb3DQEBBQUAA4IBAQBETBt7lSLpOzbJ\nScN1Z36UhM/aYWILLWxbIBBu8eY8hWQsYUBLSPVZxQTVA2MqSnGKK5KtXhlsLes4\n+sjcUQmSIAoDWfh114+AcqARDPID34CBeFES3RcPqoXz/22FgJIMbhWq0MgQWNTA\nJiFTkjWXssCSf2L0yyZ61hVWZLQndUIJrgMCswpMZR77yGWtULH1tfiK8FLLYIsf\nTfcq582o4z5RQbCkzMYkpZRnOWmBjY9AUrxLjZDvM2hHP1+GWZM/POE/RKUrG6Uv\nlihAba7dHbhTeE+ncxO7DVginN8LD8cSNijwy6X01kX5ueq0Zqznpe04eyggPLdt\n0G9c47lm\n-----END CERTIFICATE-----\n','-----BEGIN CERTIFICATE-----\nMIIDVjCCAj4CCQDQoNKRhAucnzANBgkqhkiG9w0BAQUFADBtMQswCQYDVQQGEwI4\nNjERMA8GA1UECBMIc2hhbmdoYWkxETAPBgNVBAcTCHNoYW5naGFpMQswCQYDVQQK\nEwJtYTELMAkGA1UECxMCbWExCzAJBgNVBAMTAm1hMREwDwYJKoZIhvcNAQkBFgJt\nYTAeFw0xMjEyMDYxMTUzMjBaFw0xNTA5MDIxMTUzMjBaMG0xCzAJBgNVBAYTAjg2\nMREwDwYDVQQIEwhzaGFuZ2hhaTERMA8GA1UEBxMIc2hhbmdoYWkxCzAJBgNVBAoT\nAm1hMQswCQYDVQQLEwJtYTELMAkGA1UEAxMCbWExETAPBgkqhkiG9w0BCQEWAm1h\nMIIBIjANBgkqhkiG9w0BAQEFAAOCAQ8AMIIBCgKCAQEAyC548hiEf0Qtw+ZnyiKs\noVXNH49DnwMSAeXJXEcd0e1BL9vF3/q8RRoWk4ZOvYuZSjH6VjhCARNm/jedPHo2\nAXXpY3z++uC/ASQ0jVSP++rVXtHWykwzqMcWS66qoIKshc7MPSOzON6BkZLgt3jU\njfuyLwV8Ei1mzl2+Xw+GWOfxeXAnzCUsr2vDJ6Ne05BceKwzvLhvuZdb0hYH7osS\nQ43VipnA7/vkK0ZGTTAN/2eo1qlpl4hyN/Bo+qrD4j3QgFV5eg9X1hwd51DuCeey\nne3UPQ9KT5A4ujVB7UGJWj6YiK53WT3z/ImgINmGSU3Q9EScCU+6+4raAw04GQsD\nrQIDAQABMA0GCSqGSIb3DQEBBQUAA4IBAQAOQgfvFP+P8+8QxAPq9/TmLtdRSGDG\n9CpfEdkaAlvEo6rxHdspmeMvudGMKmr/6By5s94O15kWZPSm9OKAuNW1fCaZgaq1\nsKT4m5zPO1IXVNq2R4hPiD0ZuwebhIk+/JGhGN/hRX7mgp/D98xiy4IwpeL48lBc\nKb5PuYVjbJCZrbv6mH7ui9MHKKLeNMn250Xn0BaiJv1F7gHZq+Khvo820ZDhfS61\nxFpEiIlac2E0JS1la/pkcMWJP5phiifWF4iRVAKLdXe0d+hNpMQ3OZH8sXZgcksz\n357mOo+xacCKwp8WJYHdMMAF6BnQxPziqSEsc6xpePpZ89E0YTaNV1oj\n-----END CERTIFICATE-----\n','123456','FALSE','FALSE');
INSERT INTO `svcpkg` (`oid_index`, `name`, `type`) VALUES (0,'Basic','BASIC');
INSERT INTO `sw_bundle` (`oid_index`, `name`, `fksvcpkg`) VALUES (0,'adm-sw-bundle',NULL);
INSERT INTO `sw_bundle` (`oid_index`, `name`, `fksvcpkg`) VALUES (1,'ce-sw-bundle',NULL);
INSERT INTO `sw_bundle` (`oid_index`, `name`, `fksvcpkg`) VALUES (2,'mp-sw-bundle',NULL);
INSERT INTO `sw_bundle` (`oid_index`, `name`, `fksvcpkg`) VALUES (3,'rm-sw-bundle',NULL);
INSERT INTO `sw_bundle` (`oid_index`, `name`, `fksvcpkg`) VALUES (4,'tc-sw-bundle',NULL);
INSERT INTO `sw_bundle` (`oid_index`, `name`, `fksvcpkg`) VALUES (5,'dm-sw-bundle',NULL);
INSERT INTO `sw_bundle_program_map` (`oid_index`, `fksw_bundle`, `fkprogram`) VALUES (0,0,0);
INSERT INTO `sw_bundle_program_map` (`oid_index`, `fksw_bundle`, `fkprogram`) VALUES (1,0,1);
INSERT INTO `sw_bundle_program_map` (`oid_index`, `fksw_bundle`, `fkprogram`) VALUES (2,0,2);
INSERT INTO `sw_bundle_program_map` (`oid_index`, `fksw_bundle`, `fkprogram`) VALUES (3,0,3);
INSERT INTO `sw_bundle_program_map` (`oid_index`, `fksw_bundle`, `fkprogram`) VALUES (4,0,4);
INSERT INTO `sw_bundle_program_map` (`oid_index`, `fksw_bundle`, `fkprogram`) VALUES (5,0,5);
INSERT INTO `sw_bundle_program_map` (`oid_index`, `fksw_bundle`, `fkprogram`) VALUES (6,0,31);
INSERT INTO `sw_bundle_program_map` (`oid_index`, `fksw_bundle`, `fkprogram`) VALUES (7,0,7);
INSERT INTO `sw_bundle_program_map` (`oid_index`, `fksw_bundle`, `fkprogram`) VALUES (8,0,8);
INSERT INTO `sw_bundle_program_map` (`oid_index`, `fksw_bundle`, `fkprogram`) VALUES (9,0,9);
INSERT INTO `sw_bundle_program_map` (`oid_index`, `fksw_bundle`, `fkprogram`) VALUES (10,0,10);
INSERT INTO `sw_bundle_program_map` (`oid_index`, `fksw_bundle`, `fkprogram`) VALUES (11,0,11);
INSERT INTO `sw_bundle_program_map` (`oid_index`, `fksw_bundle`, `fkprogram`) VALUES (13,0,13);
INSERT INTO `sw_bundle_program_map` (`oid_index`, `fksw_bundle`, `fkprogram`) VALUES (14,0,14);
INSERT INTO `sw_bundle_program_map` (`oid_index`, `fksw_bundle`, `fkprogram`) VALUES (15,0,15);
INSERT INTO `sw_bundle_program_map` (`oid_index`, `fksw_bundle`, `fkprogram`) VALUES (16,0,57);
INSERT INTO `sw_bundle_program_map` (`oid_index`, `fksw_bundle`, `fkprogram`) VALUES (18,1,21);
INSERT INTO `sw_bundle_program_map` (`oid_index`, `fksw_bundle`, `fkprogram`) VALUES (19,1,22);
INSERT INTO `sw_bundle_program_map` (`oid_index`, `fksw_bundle`, `fkprogram`) VALUES (20,1,40);
INSERT INTO `sw_bundle_program_map` (`oid_index`, `fksw_bundle`, `fkprogram`) VALUES (21,1,61);
INSERT INTO `sw_bundle_program_map` (`oid_index`, `fksw_bundle`, `fkprogram`) VALUES (22,1,36);
INSERT INTO `sw_bundle_program_map` (`oid_index`, `fksw_bundle`, `fkprogram`) VALUES (23,1,11);
INSERT INTO `sw_bundle_program_map` (`oid_index`, `fksw_bundle`, `fkprogram`) VALUES (24,1,14);
INSERT INTO `sw_bundle_program_map` (`oid_index`, `fksw_bundle`, `fkprogram`) VALUES (25,1,10);
INSERT INTO `sw_bundle_program_map` (`oid_index`, `fksw_bundle`, `fkprogram`) VALUES (26,1,20);
INSERT INTO `sw_bundle_program_map` (`oid_index`, `fksw_bundle`, `fkprogram`) VALUES (27,1,39);
INSERT INTO `sw_bundle_program_map` (`oid_index`, `fksw_bundle`, `fkprogram`) VALUES (28,3,41);
INSERT INTO `sw_bundle_program_map` (`oid_index`, `fksw_bundle`, `fkprogram`) VALUES (29,3,14);
INSERT INTO `sw_bundle_program_map` (`oid_index`, `fksw_bundle`, `fkprogram`) VALUES (30,3,16);
INSERT INTO `sw_bundle_program_map` (`oid_index`, `fksw_bundle`, `fkprogram`) VALUES (31,3,11);
INSERT INTO `sw_bundle_program_map` (`oid_index`, `fksw_bundle`, `fkprogram`) VALUES (32,3,59);
INSERT INTO `sw_bundle_program_map` (`oid_index`, `fksw_bundle`, `fkprogram`) VALUES (33,5,41);
INSERT INTO `sw_bundle_program_map` (`oid_index`, `fksw_bundle`, `fkprogram`) VALUES (34,2,58);
INSERT INTO `sw_bundle_program_map` (`oid_index`, `fksw_bundle`, `fkprogram`) VALUES (35,2,14);
INSERT INTO `sw_bundle_program_map` (`oid_index`, `fksw_bundle`, `fkprogram`) VALUES (36,2,16);
INSERT INTO `sw_bundle_program_map` (`oid_index`, `fksw_bundle`, `fkprogram`) VALUES (37,2,11);
INSERT INTO `sw_bundle_program_map` (`oid_index`, `fksw_bundle`, `fkprogram`) VALUES (38,0,45);
INSERT INTO `sw_bundle_program_map` (`oid_index`, `fksw_bundle`, `fkprogram`) VALUES (39,4,30);
INSERT INTO `sw_bundle_program_map` (`oid_index`, `fksw_bundle`, `fkprogram`) VALUES (40,4,11);
INSERT INTO `sw_bundle_program_map` (`oid_index`, `fksw_bundle`, `fkprogram`) VALUES (41,5,14);
INSERT INTO `sw_bundle_program_map` (`oid_index`, `fksw_bundle`, `fkprogram`) VALUES (42,5,16);
INSERT INTO `sw_bundle_program_map` (`oid_index`, `fksw_bundle`, `fkprogram`) VALUES (43,5,11);
INSERT INTO `sw_bundle_program_map` (`oid_index`, `fksw_bundle`, `fkprogram`) VALUES (44,5,42);
INSERT INTO `sw_bundle_program_map` (`oid_index`, `fksw_bundle`, `fkprogram`) VALUES (45,0,55);
INSERT INTO `sw_bundle_program_map` (`oid_index`, `fksw_bundle`, `fkprogram`) VALUES (46,0,54);
INSERT INTO `sw_bundle_program_map` (`oid_index`, `fksw_bundle`, `fkprogram`) VALUES (47,1,62);
INSERT INTO `sw_bundle_program_map` (`oid_index`, `fksw_bundle`, `fkprogram`) VALUES (48,0,63);
INSERT INTO `sw_bundle_program_map` (`oid_index`, `fksw_bundle`, `fkprogram`) VALUES (49,2,59);
INSERT INTO `sw_bundle_program_map` (`oid_index`, `fksw_bundle`, `fkprogram`) VALUES (51,0,19);
INSERT INTO `sw_bundle_program_map` (`oid_index`, `fksw_bundle`, `fkprogram`) VALUES (76,4,14);
INSERT INTO `sw_bundle_program_map` (`oid_index`, `fksw_bundle`, `fkprogram`) VALUES (77,1,23);
INSERT INTO `sw_bundle_program_map` (`oid_index`, `fksw_bundle`, `fkprogram`) VALUES (78,0,56);
INSERT INTO `sw_bundle_program_map` (`oid_index`, `fksw_bundle`, `fkprogram`) VALUES (79,0,60);
INSERT INTO `systemSetting` (`oid_index`, `name`, `allowVideoTranscoding`, `allowAudioTranscoding`, `allowDTMFTranscoding`) VALUES (0,'sys-1','TRUE','TRUE','TRUE');
INSERT INTO `systemSetting` (`oid_index`, `name`, `allowVideoTranscoding`, `allowAudioTranscoding`, `allowDTMFTranscoding`) VALUES (1,'sys-2','FALSE','FALSE','FALSE');
INSERT INTO `tls_usage` (`oid_index`, `defaultLifetime`, `fkapp_service_port`, `appType`, `netIntfType`, `srvType`, `fkssl_tls`, `fkrealm`) VALUES (0,0,4,NULL,NULL,'IP_SERVICE_SIP',10,1);
INSERT INTO `tls_usage` (`oid_index`, `defaultLifetime`, `fkapp_service_port`, `appType`, `netIntfType`, `srvType`, `fkssl_tls`, `fkrealm`) VALUES (1,0,8,NULL,NULL,'IP_SERVICE_MSRP',10,1);
INSERT INTO `tls_usage` (`oid_index`, `defaultLifetime`, `fkapp_service_port`, `appType`, `netIntfType`, `srvType`, `fkssl_tls`, `fkrealm`) VALUES (2,0,7,NULL,NULL,'IP_SERVICE_MSRP',10,1);
INSERT INTO `tls_usage` (`oid_index`, `defaultLifetime`, `fkapp_service_port`, `appType`, `netIntfType`, `srvType`, `fkssl_tls`, `fkrealm`) VALUES (3,0,54,NULL,NULL,'IP_SERVICE_SIP',10,11);
INSERT INTO `tmmFileDir` (`oid_index`, `format`) VALUES (0,'DIR_DAY');
INSERT INTO `tmmGeneral` (`oid_index`, `versionID`, `timeStamp`, `CheckTime`, `LifeTimeOfLog`, `AggLifeTimeOfLog`, `interval`, `kpiPeerIsIP`, `DualCounters`, `fileFormat`, `fileNameFormat`, `DMO`, `kpiGroupFilling`) VALUES (0,0,'2016-02-14 16:38:56',2,90,30,'TMM_MIN_5',1,'TMM_DUAL_Disable','CSV','<NodeID>.<KPI_Group_Name>_<YYYYMMDDHHMI>.<BUILD_STRING>.<CSV>','TMM_DMO_Disable','TMM_KpiGroupEmptyFile');
INSERT INTO `tosSetting` (`oid_index`, `protocol`, `dscpValue`, `versionID`, `timeStamp`) VALUES (0,'SIP',0,0,'2015-03-16 07:53:22');
INSERT INTO `tosSetting` (`oid_index`, `protocol`, `dscpValue`, `versionID`, `timeStamp`) VALUES (1,'MSRP',1,0,'2015-03-16 07:53:22');
INSERT INTO `tosSetting` (`oid_index`, `protocol`, `dscpValue`, `versionID`, `timeStamp`) VALUES (2,'DNS',1,0,'2015-03-16 07:53:22');
INSERT INTO `was_allow` (`oid_index`, `app_type`, `allow`, `fkapp_service_port`) VALUES (1,'APP_TYPE_LIGHTYSOAPMGR','HTTP_UNSET',NULL);
INSERT INTO `was_auth_group` (`oid_index`, `desc`, `fkapp_service_port`) VALUES (0,'x1-auth',30);
INSERT INTO `was_auth_group_user_map` (`oid_index`, `fkwas_auth_group`, `fkwas_auth_user`) VALUES (0,0,0);
INSERT INTO `was_auth_require` (`oid_index`, `path`, `method`, `realm`, `fkwas_auth_group`, `fkapp_service_port`) VALUES (0,'/li','HTTP_AUTH_BASIC',NULL,0,30);
INSERT INTO `was_auth_user` (`oid_index`, `username`, `password`, `fkapp_service_port`) VALUES (0,'user0','passwd0',30);
INSERT INTO `was_config` (`oid_index`, `key`, `value`, `fkapp_service_port`) VALUES (1,'ATT_SERVER_DOCUMENT_ROOT','\"/usr/IMS/www/htdocs/\"',NULL);
INSERT INTO `was_config` (`oid_index`, `key`, `value`, `fkapp_service_port`) VALUES (2,'ATT_SERVER_TAG','\"Mavenir LI Server\"',NULL);
INSERT INTO `was_config` (`oid_index`, `key`, `value`, `fkapp_service_port`) VALUES (3,'ATT_SERVER_MAX_WORKER','4',NULL);
INSERT INTO `was_config` (`oid_index`, `key`, `value`, `fkapp_service_port`) VALUES (4,'ATT_SERVER_MAX_KEEP_ALIVE_REQUESTS','0',NULL);
INSERT INTO `was_config` (`oid_index`, `key`, `value`, `fkapp_service_port`) VALUES (5,'ATT_SERVER_MAX_KEEP_ALIVE_IDLE','10',NULL);
INSERT INTO `was_config` (`oid_index`, `key`, `value`, `fkapp_service_port`) VALUES (6,'ATT_SERVER_MAX_READ_IDLE','60',NULL);
INSERT INTO `was_config` (`oid_index`, `key`, `value`, `fkapp_service_port`) VALUES (7,'ATT_LIGHTY_CONFIG_PATH','\"/usr/IMS\"',NULL);
INSERT INTO `was_config` (`oid_index`, `key`, `value`, `fkapp_service_port`) VALUES (8,'ATT_SERVER_MAX_FDS','8192',NULL);
INSERT INTO `was_config` (`oid_index`, `key`, `value`, `fkapp_service_port`) VALUES (9,'ATT_SERVER_EVENT_HANDLER','\"linux-sysepoll\"',NULL);
INSERT INTO `was_config` (`oid_index`, `key`, `value`, `fkapp_service_port`) VALUES (11,'ATT_SERVER_REJECT_EXPECT_100_WITH_417','\"disable\"',NULL);
INSERT INTO `was_config` (`oid_index`, `key`, `value`, `fkapp_service_port`) VALUES (12,'ATT_SERVER_ERRORLOG','\"/usr/IMS/www/error.log\"',NULL);
INSERT INTO `was_config` (`oid_index`, `key`, `value`, `fkapp_service_port`) VALUES (13,'ATT_ACCESSLOG_FILENAME','\"/usr/IMS/www/access.log\"',NULL);
INSERT INTO `was_config` (`oid_index`, `key`, `value`, `fkapp_service_port`) VALUES (15,'ATT_SSL_PEM_CERTIFICATE','-----BEGIN RSA PRIVATE KEY-----\nMIICXQIBAAKBgQDEOoDPSk/Sj2+A5oWd+gczpDYBVD1zbJYXf41Mb2anb481yq74\nIsuDVr0l+KyGzJ4lSZtMs2RhzmtTkNHP5yLELKmjHeK5NWxnd3c3aLZqdYKSLml4\nqZRgjtCMOGaz6Cnnx5/Y+GxSmtikji5+surj4bzsKzmhH4Mv1MK+JizezQIDAQAB\nAoGBAJEIyKHtw/fWKkz0lTfBUEdcDMqIr+67CGiPzyj6gb4pl4jjqNUgKpmFp8ID\n/ciYPh9DOzTCtuQPhIY8WMc4iBl5kvxTJjGoppHDTHrNLBUu4oiGkALWutZQc+Yd\nBzlyabP21bsr0ORKkPdAM9GDmzXv8DuxtSzchjiMUL/gPohFAkEA5nF8FqUe5OmC\nBuT2r9q24h50VuLTg4SCIO01Odi6dNkHjzaF9nO2CE/HJIXH+P/CdyKmOA/w6BQx\n9lMVxyMAgwJBANn9oH4fuPEfBgGve84P7mSFGnWAlMLiq9xhX5qfwt5xKPBnqiuX\nFOonOxai+yYb70LQ9t7pUxtmyJ//ZIyE4m8CQEnr95FQEJP/7+0EP7nzoBzzBgDl\nLFKRDClBzoQq6M0Y3ZrsM5b2UVtjNA+cNqTCboBHBikPvAjGiaxpxJ+ns78CQH2I\nHKAEzI+t+duGnpjve6zPKYl43jHMLoPeXxu/3IwURisKx2gKvLSKmvBSMqajd4jW\npROA8abZ7baVb+WrsGkCQQDQ1VUbhSWiDGY5fyP5tLKTQP39V8DdZwIIHqSrgnpD\nENBdo8QDXxcil0ygTdf72ImF2wR/eYeCfuWHbtHTM1q/\n-----END RSA PRIVATE KEY-----\n-----BEGIN CERTIFICATE-----\nMIIDkzCCAvygAwIBAgIJALjvY4mMajdiMA0GCSqGSIb3DQEBBQUAMIGOMQswCQYD\nVQQGEwJJTjESMBAGA1UECBMJa2FybmF0YWthMRIwEAYDVQQHEwliYW5nYWxvcmUx\nEDAOBgNVBAoTB21hdmVuaXIxEjAQBgNVBAsTCWJhbmdhbG9yZTEQMA4GA1UEAxMH\ndGVzdGluZzEfMB0GCSqGSIb3DQEJARYQYWJjMTIzQGdtYWlsLmNvbTAeFw0xMDA0\nMDgxNjQzNDFaFw0xMTA0MDgxNjQzNDFaMIGOMQswCQYDVQQGEwJJTjESMBAGA1UE\nCBMJa2FybmF0YWthMRIwEAYDVQQHEwliYW5nYWxvcmUxEDAOBgNVBAoTB21hdmVu\naXIxEjAQBgNVBAsTCWJhbmdhbG9yZTEQMA4GA1UEAxMHdGVzdGluZzEfMB0GCSqG\nSIb3DQEJARYQYWJjMTIzQGdtYWlsLmNvbTCBnzANBgkqhkiG9w0BAQEFAAOBjQAw\ngYkCgYEAxDqAz0pP0o9vgOaFnfoHM6Q2AVQ9c2yWF3+NTG9mp2+PNcqu+CLLg1a9\nJfishsyeJUmbTLNkYc5rU5DRz+cixCypox3iuTVsZ3d3N2i2anWCki5peKmUYI7Q\njDhms+gp58ef2PhsUprYpI4ufrLq4+G87Cs5oR+DL9TCviYs3s0CAwEAAaOB9jCB\n8zAdBgNVHQ4EFgQUBOcHJNNZsYqlwMgODZKcoX37MokwgcMGA1UdIwSBuzCBuIAU\nBOcHJNNZsYqlwMgODZKcoX37MomhgZSkgZEwgY4xCzAJBgNVBAYTAklOMRIwEAYD\nVQQIEwlrYXJuYXRha2ExEjAQBgNVBAcTCWJhbmdhbG9yZTEQMA4GA1UEChMHbWF2\nZW5pcjESMBAGA1UECxMJYmFuZ2Fsb3JlMRAwDgYDVQQDEwd0ZXN0aW5nMR8wHQYJ\nKoZIhvcNAQkBFhBhYmMxMjNAZ21haWwuY29tggkAuO9jiYxqN2IwDAYDVR0TBAUw\nAwEB/zANBgkqhkiG9w0BAQUFAAOBgQAefwOUgJ1Eoln1lcb9jZWYx8m/LE3B91k9\n3Y9qMZLM8rL2jJA+WzzDeG3CfbAiDXsDKkAUYbworNcocD6ztXlo/rxF9lPeAkJh\nJr2Awvzh0xbg69tY63aR1uPLepk3z82cCFx87OIpsAr5gynNyGWKaTP07LDgBog+\naXAfuBas9Q==\n-----END CERTIFICATE-----',NULL);
INSERT INTO `was_route` (`oid_index`, `fkapp_service_port`, `http_method`, `http_req_path`, `http_header`, `new_app_type`, `resp_timeout`) VALUES (0,30,'HTTP_UNSET','/li','','APP_TYPE_LIGHTYSOAPMGR',60);
